treatment,bias,replicate,generation,population,mean_d,std_d,mean_alpha,std_alpha,mean_beta,std_beta,mean_p_base,std_p_base,maladaptation,trait_variance,trait_env_corr
moving,-0.3,0,0,900,3.484444444444444,1.6979668306609206,2.524038711136199,1.4292444023046926,1.0130594291434147,0.5895125733255375,0.2541709932698485,0.1409729461665339,0.2053260350918673,0.077564582233063,-0.0130488411155567
moving,-0.3,0,20,900,2.793333333333333,1.434325238183059,2.382043086039892,1.4853362647012331,1.002806049359767,0.575254110700077,0.3503873994650226,0.1383207382702811,0.0927107179488221,0.0891843357247142,0.5763539235153134
moving,-0.3,0,40,900,2.602222222222222,1.2227453425957122,2.5631856373858417,1.4750538694227548,1.0269716649396643,0.5967901484037836,0.4214558648551543,0.147177373140977,0.1401075424401806,0.09137109541658,0.3572389018715479
moving,-0.3,0,60,900,2.6911111111111112,1.3132355669570437,2.8219361566048478,1.4229115977069255,1.053039404009888,0.6695892815694546,0.4973301033443001,0.1619061303627552,0.1308053694064422,0.089763188008682,0.3974847049437498
moving,-0.3,0,80,900,2.687777777777778,1.2370509535699792,3.007573505944153,1.3046887604114006,1.0800390083688052,0.7090977775619702,0.5692937417450843,0.1559121081889656,0.1219256789829992,0.0884305229102305,0.4364697358854579
moving,-0.3,0,100,900,2.594444444444445,1.2836459455707585,3.0511151841357664,1.1106341171547534,1.0010065978541616,0.7012721721728848,0.6097608342947038,0.1666734600243315,0.1337805000949683,0.0828240388273021,0.3639327766150138
moving,-0.3,0,120,900,2.43,1.0363343518811334,3.049514638719421,1.2148683416322257,1.034607820157331,0.7114619831148186,0.6506972843826214,0.1598163870140437,0.1303895644353124,0.0939975176164707,0.4097695402936138
moving,-0.3,0,140,900,2.333333333333333,0.8232726023485646,3.2334834948037594,1.253638830596352,1.1316007874626417,0.6872045283327926,0.6979671526471382,0.1631708969542799,0.1423703387509213,0.1000588694248785,0.3717714845277455
moving,-0.3,1,0,900,3.4566666666666666,1.7163624325881757,2.3862779478572675,1.438241105057986,1.0016243386614212,0.5873603658890917,0.2493010772738833,0.1429428904240679,0.1976807112612584,0.0829893877425026,0.0523365104443193
moving,-0.3,1,20,900,2.793333333333333,1.448201950312486,2.4082958348134222,1.383499716347275,1.0413918840848784,0.5612529653934337,0.3569294923095343,0.1406750194547859,0.0929226686156853,0.0884403836521087,0.573464825119989
moving,-0.3,1,40,900,2.4988888888888887,1.1571031303738604,2.329906487018018,1.3095171479477874,0.920404213888181,0.5626239676616264,0.4419939836140749,0.1480031080871117,0.1352651896744142,0.0932737817243872,0.3844680908920271
moving,-0.3,1,60,900,2.645555555555556,1.0455897975264288,2.0255943216376986,1.16752181475141,0.8920838090918675,0.5215315790536261,0.5497992598615836,0.1707985093729427,0.1349899456096101,0.1045028641703647,0.4138587841695769
moving,-0.3,1,80,900,2.8666666666666667,1.0154364141151877,1.7864010576077205,1.108962252901492,0.8316837700945177,0.4615712058630973,0.6694543681404613,0.1947172104527688,0.1503985974867971,0.114717384535949,0.3729825842987418
moving,-0.3,1,100,900,2.9033333333333333,0.9641288526148588,1.7709681191125584,1.018108649563501,0.7808300684728386,0.4005411836288671,0.7564843512896163,0.1817922331891405,0.1428702510627397,0.1104799567926708,0.3941623055128655
moving,-0.3,1,120,900,2.922222222222222,0.8475818908686021,1.80444603276036,1.0320910192647783,0.7626357310741184,0.3904301059034919,0.7813900071495072,0.1779413050130473,0.132203775120223,0.1224537187018633,0.4658323752909298
moving,-0.3,1,140,900,2.84,0.7908926040311106,1.7769732886879637,0.9560529629722808,0.7800586848461529,0.3906756039320331,0.7914715275134786,0.1750304647559327,0.1327154782797472,0.1182228030318891,0.4547172637174292
moving,-0.3,2,0,900,3.5244444444444443,1.6926186885094228,2.5635986315186887,1.4426811375083806,1.0132152356293216,0.5733011777473959,0.2505875468900493,0.1418813950680559,0.2073763555733487,0.0850724967713752,0.0132407366549366
moving,-0.3,2,20,900,2.773333333333333,1.443668167474014,2.5518385808582904,1.4634374400187655,0.988685856052925,0.5711156914589811,0.352206717322878,0.143765286046694,0.0953240320412598,0.0954656931959606,0.5734869731067375
moving,-0.3,2,40,900,2.303333333333333,1.1136476602189362,2.7228585780938896,1.5441823909182864,1.0100465129554563,0.6133100574394422,0.4553797563192103,0.168310318212723,0.1311228700448813,0.0912779989153735,0.3988521445451071
moving,-0.3,2,60,900,2.316666666666667,0.921803787268322,3.131089373512641,1.5303203941477157,0.9587208486338245,0.6491344355602384,0.5516692825416002,0.1814960321816764,0.1459421303176169,0.0775058470052769,0.2874153999196087
moving,-0.3,2,80,900,2.362222222222222,0.8943747384846612,3.3971547505980517,1.440701784219795,0.975441282841501,0.6580601827353041,0.6126847941567796,0.1843479430952119,0.1299996879452634,0.0813295868610943,0.37854089726177
moving,-0.3,2,100,900,2.341111111111111,0.7588579788727041,3.6223682184921855,1.3846978244258648,0.9154789321313496,0.690307094242406,0.6733178259450384,0.1931393675434938,0.1363877946420346,0.0843000406580557,0.3554228607530252
moving,-0.3,2,120,900,2.3144444444444443,0.6716581655559803,4.07563845935816,1.039720943426486,1.0080861504457457,0.7153844722257449,0.716996226339883,0.1816084490031876,0.1252853748202703,0.0870579455430757,0.4164926700473184
moving,-0.3,2,140,900,2.49,0.7078213836209747,4.229992743043693,0.7668437096290152,1.197449821237113,0.7073845646866482,0.7415240716272037,0.1791433011699585,0.1316352585742724,0.0897395681960495,0.3923491845502147
moving,-0.15,0,0,900,3.53,1.6773623473908208,2.440591848754952,1.4444610165977898,1.0073636305353928,0.5781433647656053,0.2592931817125052,0.1413437586144744,0.2007614372517192,0.0833480728604975,0.0371639730743984
moving,-0.15,0,20,900,2.8744444444444444,1.3452848612932098,2.2913532300116373,1.4477040449092575,1.2214300738124015,0.5547880219217577,0.3377480540160344,0.1464518202985967,0.0948136511955286,0.0944803311843699,0.573583881391774
moving,-0.15,0,40,900,2.6866666666666665,1.0602096228786289,2.3480775801467018,1.5020130639519904,1.2023348590949672,0.5300650256930773,0.4192994863668385,0.1664405117656262,0.1272839568076096,0.0966817356723431,0.4293491681388672
moving,-0.15,0,60,900,2.71,0.8241561340749295,2.735290389012568,1.5626927613110213,1.194296923106564,0.52465053974747,0.5135813431512841,0.1741458804745863,0.1433019868649022,0.0996754512251546,0.3647358419375312
moving,-0.15,0,80,900,2.7177777777777776,0.7791131393774702,2.803419035059066,1.56410752466631,1.21608612341787,0.5651250817979788,0.5942892499323963,0.2026783348634969,0.1321214599313278,0.1008158803931307,0.4173298202363968
moving,-0.15,0,100,900,2.6155555555555554,0.8412835578396609,2.7727912760018847,1.6605190394148892,1.2131579733746891,0.5732345751195497,0.6823588353004608,0.1940583456258053,0.133905821583496,0.089506192748271,0.3824706491287452
moving,-0.15,0,120,900,2.5211111111111117,0.8810340445489725,2.6680992075853296,1.7595699037005388,1.12988695121163,0.6233624485743693,0.7376603644682677,0.1956667014428729,0.1330588944441494,0.084031783973959,0.3742247005834229
moving,-0.15,0,140,900,2.578888888888889,0.8890687318067952,2.7498539885668287,1.7520865609524563,1.116144433710312,0.6839486170805654,0.741612825224417,0.1868562373995009,0.1284759129261159,0.0849309555915292,0.3955706900177063
moving,-0.15,1,0,900,3.3944444444444444,1.680929710415645,2.5131809289956184,1.4579081255803463,0.9685586699766864,0.5682084008803843,0.2541139117061719,0.1435938160767808,0.2083194943754407,0.0825651844845087,-0.0037091498604601
moving,-0.15,1,20,900,2.862222222222222,1.3144139190594732,2.66888712386279,1.4255985835894172,1.0498482128237483,0.5427858537425158,0.360370481132081,0.1428274736519268,0.0951497281065713,0.0915604545130353,0.5695485881484083
moving,-0.15,1,40,900,2.6755555555555555,1.2005842199262,2.625921993307448,1.4224152458746204,1.1911417764027632,0.4925045505209472,0.4567915743679513,0.1639826930077666,0.1296352224722415,0.0907422619496327,0.4045384021670409
moving,-0.15,1,60,900,2.5766666666666667,1.0799742795291212,2.586050776258044,1.3123868437961093,1.3297756212112426,0.444201444523604,0.5432646739385911,0.1837977129065003,0.1297641739872519,0.1009371109880688,0.4281887131748181
moving,-0.15,1,80,900,2.568888888888889,1.0245480786337449,2.686227571098525,1.1857479415919474,1.3803767049533922,0.4489511166386526,0.6302269314725405,0.179991533785089,0.125513675914825,0.1049257470969338,0.4562873908946397
moving,-0.15,1,100,900,2.4744444444444444,0.831606358683283,2.7601462669989623,1.0483017989305794,1.3966702911073692,0.4510381174787941,0.668866475437275,0.1714971458879222,0.133813837549918,0.1005758667179776,0.4092124983434608
moving,-0.15,1,120,900,2.3655555555555554,0.7693664220370061,2.9056364208574763,0.9828980591872752,1.2806973178704475,0.4776474508712128,0.7172699978087336,0.1606066673058633,0.130552946090629,0.1026664972198528,0.4290010491404643
moving,-0.15,1,140,900,2.4588888888888887,0.8941034546708345,2.81755758454779,0.9591886099887372,1.3030637313547069,0.4432091324465945,0.7557804091593908,0.160806042140389,0.1360482056805619,0.0961915330114252,0.3882414442694581
moving,-0.15,2,0,900,3.4855555555555555,1.71490596510007,2.573123002894769,1.423214392403709,0.9889896657798838,0.5895186479712702,0.2512103071960281,0.1460062120277107,0.2074511549621783,0.084058884186337,0.0081245823842302
moving,-0.15,2,20,900,2.844444444444445,1.411154854965024,2.6888912524247397,1.463687694032428,1.0536895093047007,0.5547131117857581,0.3638761220526286,0.1570735199771518,0.0885042033334167,0.0987697309133527,0.6087668059535533
moving,-0.15,2,40,900,2.391111111111111,1.1295667256317004,2.526014806915052,1.543398643923398,1.0125562158035732,0.5556834002926037,0.4282795339424062,0.1715985184703813,0.1502074543643398,0.0935692022579227,0.3166174573383363
moving,-0.15,2,60,900,2.247777777777778,1.0769017057979884,3.079590111304078,1.514584235222599,1.0728801957194736,0.5295583638693658,0.4897744384524411,0.170561935507132,0.1479405309464192,0.0851729397433106,0.3046627700818846
moving,-0.15,2,80,900,2.151111111111111,0.8546922050844378,3.4587853973843274,1.463667321632529,1.1949195448046182,0.4205842948302394,0.579700273931644,0.1703120190107478,0.1395464986011942,0.0855086072746134,0.3487323651214788
moving,-0.15,2,100,900,2.0877777777777777,0.7211607584347424,3.688998600944509,1.4185499920598117,1.33925018583108,0.3560577127633562,0.6537887074768418,0.1690824705351508,0.1376987443060511,0.0869827082702769,0.3566588742642864
moving,-0.15,2,120,900,2.0322222222222224,0.6831833620433386,3.646738728188339,1.49962211252712,1.3802277727518568,0.3521823358659754,0.7176530168888532,0.1634257398896481,0.1269017459168466,0.0879205919738723,0.4108994780049121
moving,-0.15,2,140,900,1.9977777777777777,0.6976114451433991,3.6226323610315214,1.4896486516429908,1.359225456948728,0.3645265371426866,0.7458442774240184,0.1649528543967327,0.140770341050569,0.0980061173565566,0.3730303725895431
moving,0.0,0,0,900,3.5388888888888888,1.7034732130721402,2.5352792131404214,1.4301860999305231,1.0107030069111205,0.5645991040527171,0.2568630033271002,0.1436056385736879,0.2046234639564554,0.078908705070517,-0.0024798400460532
moving,0.0,0,20,900,2.9066666666666667,1.6035238971991932,2.584652543532256,1.4306046332565208,1.1958346077802875,0.5290107803817743,0.3429176994675396,0.146191894580535,0.0927256245579785,0.0862551192351959,0.5719918256223957
moving,0.0,0,40,900,2.493333333333333,1.4035510519947452,2.773340477602325,1.3804456269968977,1.2401106058115892,0.5148071661703305,0.4275473702101059,0.1609393380721206,0.1332072705658466,0.0860051118396217,0.3751987609934782
moving,0.0,0,60,900,2.4244444444444446,1.2382165589724523,2.7608580536500957,1.5051826564942348,1.2886324455624674,0.4908119391056453,0.4903096916258735,0.170741299577569,0.1529140944091833,0.0829215291071499,0.2711658852719154
moving,0.0,0,80,900,2.5144444444444445,1.149305211480311,2.6283693697665784,1.567171259454493,1.4088300338731277,0.4028883360199597,0.5485215472535975,0.1776132451143146,0.1376064506086099,0.0887889426462194,0.3632227149342747
moving,0.0,0,100,900,2.52,1.0967831751687904,2.4062144972521784,1.6183226811433595,1.451249883180528,0.3654697128009321,0.597105540085528,0.1957560342785439,0.1331154069504839,0.0879160304140643,0.386578808594226
moving,0.0,0,120,900,2.484444444444444,1.0428498465594822,2.3110297316333237,1.6933592124547396,1.4858274428404603,0.3990853871751185,0.6402568876557434,0.1973119252178769,0.1358219962386196,0.0857159631734806,0.3650615456906427
moving,0.0,0,140,900,2.4655555555555555,1.019766978950596,2.270487137867682,1.5015201603169812,1.5324648094667366,0.3800443862560266,0.6744158779001804,0.174485576814886,0.1253369338929854,0.0840010139175444,0.4086786614598106
moving,0.0,1,0,900,3.54,1.7190307346486469,2.4842235627234297,1.4302519717597253,1.01201794406013,0.5859776418877971,0.2504979905224535,0.1437401890823742,0.2199702791011346,0.085230840089785,-0.0467300255642801
moving,0.0,1,20,900,2.66,1.3824133487009835,2.555006968371667,1.347999210974874,1.1921685636373347,0.5789014250669127,0.3480772488094237,0.1558492087852883,0.0973325640787624,0.0897141903339453,0.5569435429127279
moving,0.0,1,40,900,2.1911111111111112,1.045162873478945,2.4821844736734344,1.3568573021048684,1.2775707895366666,0.582707360330841,0.3989841813643529,0.1615995523321618,0.1270504563858824,0.086698897346407,0.4077668336909062
moving,0.0,1,60,900,2.2144444444444447,1.035810054563964,2.2570250379941443,1.3183718142846728,1.373946284463614,0.5516944656390335,0.4334085990086147,0.1669086124430032,0.14938513241702,0.0793367897173055,0.2759907917294121
moving,0.0,1,80,900,2.258888888888889,1.0310075379015793,2.2937868775481896,1.4160734991352106,1.4907760202915727,0.4593644752241195,0.4955832549296652,0.1727204906007545,0.1329865336073936,0.0844814955620508,0.3728231754978446
moving,0.0,1,100,900,2.227777777777778,1.09255335773873,2.388203265153574,1.4147443492673166,1.500054374361378,0.436515714389328,0.5427457933274978,0.1845262724944307,0.1423024742321333,0.0839074236608568,0.3252054579788425
moving,0.0,1,120,900,2.2044444444444444,1.0895372219546662,2.419540900093307,1.3882714455346703,1.5218358756257837,0.4537102773846246,0.5878029888754488,0.1949741678280107,0.1306917826348674,0.089305628422627,0.3986837153985729
moving,0.0,1,140,900,2.1844444444444444,0.9929653805211842,2.3865348671719477,1.389141032182339,1.594023821029571,0.3747527542102985,0.6209026613043218,0.1986261437550455,0.1305273651419238,0.0918289856561235,0.4032523304011595
moving,0.0,2,0,900,3.43,1.7187172219096687,2.579532089402508,1.4237037564635655,0.9732308558101384,0.5847968644313953,0.2506846729279341,0.1439622359320551,0.2020939035958877,0.0815934606686104,0.0222871835297758
moving,0.0,2,20,900,2.74,1.6114727563457114,2.541409572743784,1.51864729206931,1.1275573046109666,0.5447144249212085,0.3401407024989611,0.1616478961524863,0.0960558621804991,0.0907545329320174,0.5620529150006256
moving,0.0,2,40,900,2.545555555555556,1.4426565858482598,2.411995005752132,1.499601541423867,1.225169670986926,0.5570576719906625,0.4130965978138164,0.1547293253269288,0.1320272723451565,0.1015465432082278,0.4198854580801425
moving,0.0,2,60,900,2.698888888888889,1.4412181918582665,2.3634738198012726,1.350632695214741,1.3521529187490948,0.5298942467387312,0.4710494248696153,0.1697719394778901,0.1425523477636416,0.0996402037080224,0.3677758627591615
moving,0.0,2,80,900,2.8455555555555554,1.247901448308863,2.4929787570405684,1.192776821414166,1.3807021243232909,0.5009039609518011,0.5260883106776517,0.1706106132872906,0.1315436778793239,0.0964222582114459,0.4095321479957924
moving,0.0,2,100,900,2.81,1.1276869147852069,2.326906977188669,1.273242098022418,1.456846775228385,0.4117958383770533,0.5823682051266675,0.1777943357433093,0.1330866016077072,0.0899098880923423,0.38611699384025
moving,0.0,2,120,900,2.6644444444444444,1.1267762383712323,2.136084296557985,1.3766076878205042,1.5048491790969487,0.3548659884672391,0.6611288015411526,0.1872433709485361,0.1235443807480188,0.0902719804664361,0.4319499486324892
moving,0.0,2,140,900,2.601111111111111,1.1283217079110062,2.2445836376138324,1.394840895052818,1.567293452294353,0.358238114922418,0.71824046530545,0.1789267009139967,0.1353321475564047,0.092528400893497,0.3850895857591718
moving,0.15,0,0,900,3.581111111111111,1.743903313097403,2.445276314092359,1.481945118285261,0.9920884918771976,0.5715612736298625,0.2517122926280992,0.1413414357527369,0.2050582772915082,0.0826891849552122,0.0160776675149865
moving,0.15,0,20,900,2.64,1.6651192816799107,2.544391773980888,1.566176602063283,1.2182682156536953,0.5272838951509115,0.3256343050525129,0.1635741466388256,0.0965879020777288,0.0995254760601704,0.5747669388872048
moving,0.15,0,40,900,2.0411111111111118,1.381415895573527,2.6534878106606,1.5259098015828871,1.2937636055087545,0.4646890294062541,0.4094435401858795,0.1734561400375262,0.1371042338988901,0.1027564237259894,0.4018124870925799
moving,0.15,0,60,900,1.8044444444444443,1.0422103766206716,2.9259239107748485,1.495404718381533,1.3435924746057748,0.4085722773944591,0.4608745852333117,0.1809758643634584,0.1373862338763029,0.0922057528738183,0.372777103938685
moving,0.15,0,80,900,1.9111111111111112,1.0159226178366632,2.8778872366194537,1.5052388938853132,1.424422237122135,0.400127187947183,0.5211838003541133,0.1927199390854203,0.1313689194468547,0.0988033422678106,0.4169144115486509
moving,0.15,0,100,900,1.94,1.043902932907717,2.8034665886344494,1.4758955009909296,1.3915030819802154,0.3884747312578088,0.5558549676263582,0.1892246538700178,0.1430173369066505,0.0988541525211303,0.3637769659630286
moving,0.15,0,120,900,1.8388888888888888,0.8991594154102974,2.6846208459001795,1.4579928766446508,1.3052548914777586,0.3714823541513158,0.5959565522428046,0.1929696181060253,0.1303016625026549,0.0905928606019957,0.4007488277796742
moving,0.15,0,140,900,1.8144444444444443,0.8628198100944124,2.5257565725551534,1.460760364350279,1.280135014487708,0.375500733202611,0.5980839220273125,0.1931988972682113,0.1236102429462353,0.0767552742335408,0.3989182711621224
moving,0.15,1,0,900,3.462222222222222,1.673889534240389,2.422053034362908,1.475062611177452,0.9950843983380712,0.5821976958458107,0.2446840679377422,0.140922790858202,0.2117359527470204,0.0861147791052739,-0.0027730018025847
moving,0.15,1,20,900,2.6644444444444444,1.5707967625176094,2.302312191323725,1.4783738847698171,1.2455539812422176,0.540302882706999,0.3248882972265569,0.1505899210377408,0.0992469250575912,0.0986971152448118,0.5602520095308717
moving,0.15,1,40,900,2.2777777777777777,1.264276497340829,2.1302085833603197,1.4679871994984728,1.394259952767589,0.5081679945047716,0.3749028929818594,0.1651466819644849,0.1323454993507542,0.1076355459847999,0.43267557185644
moving,0.15,1,60,900,2.1566666666666667,1.0365058824938933,1.9655515241374115,1.477927903004871,1.3984076172713218,0.4894764872280016,0.4183089281299531,0.1919314709016305,0.1433443761506814,0.0999554907323119,0.366356592062744
moving,0.15,1,80,900,2.035555555555556,0.8088827838597453,2.014245227154756,1.425113828616282,1.3838283870960884,0.503732594968332,0.4765264185956276,0.2142425723102472,0.1374652381414209,0.1009669504593049,0.3960617539568123
moving,0.15,1,100,900,1.9622222222222223,0.8264485972827452,2.126806320826958,1.3541446350809443,1.3514364659787674,0.4925943979979902,0.5213562561520358,0.2304076829531837,0.1435306199010932,0.0928242146447211,0.3470441615476517
moving,0.15,1,120,900,1.931111111111111,0.8190298386159138,2.048436959719561,1.3729032275889803,1.42425664879173,0.4553464992213549,0.5597868781817544,0.2257866436827912,0.1242661697592421,0.0879951606278023,0.4254907571376547
moving,0.15,1,140,900,1.992222222222222,0.8837706813896637,2.056940779805431,1.377196979734059,1.4586529053715411,0.4607572307718822,0.599199087275873,0.2241846139969415,0.1395905758021954,0.0855368898270149,0.3435582914685725
moving,0.15,2,0,900,3.5077777777777777,1.7233512428326505,2.533406266921417,1.480916893204908,1.014577325364617,0.5614361387963338,0.2550699775605567,0.1444270702495412,0.2028702517761159,0.0816717932793278,0.0189661490768136
moving,0.15,2,20,900,2.7533333333333334,1.5337825428948164,2.246263955522413,1.4190651963051248,1.1673736102339616,0.5058910249017832,0.3227712398660237,0.1586852246737082,0.0949694445412282,0.0955706730364945,0.5748177460924271
moving,0.15,2,40,900,2.4988888888888887,1.4624936424890835,2.170590952329175,1.339477412692621,1.258829170149922,0.4407956539170458,0.3967872591969417,0.1705021873405013,0.1255645908221431,0.1034603126531291,0.4524237640319894
moving,0.15,2,60,900,2.31,1.4206844985585096,2.3300906604486933,1.4140644753620597,1.3429192432799757,0.4008677183453755,0.4326007306643943,0.1695655487054144,0.1432701699420294,0.1040820839884086,0.3761649956633411
moving,0.15,2,80,900,2.19,1.2158718865260618,2.444530370685696,1.4336165598386117,1.392306508353649,0.4076840151790868,0.4891057633511978,0.1992139969026158,0.1341027974824247,0.0973320760007651,0.4026217733215279
moving,0.15,2,100,900,1.9433333333333331,0.8705745229444749,2.539547595883623,1.299823688415719,1.421205415112701,0.4524368960788909,0.5223845918419677,0.186601860482385,0.1319115441898083,0.0860113069748865,0.3835571233583082
moving,0.15,2,120,900,1.75,0.7354137157636736,2.914331232019851,1.278240943818591,1.4587598971266449,0.4514180046248756,0.5679773405767387,0.1928799766795386,0.1279466244606762,0.0831144459951697,0.3946219690726883
moving,0.15,2,140,900,1.711111111111111,0.683852557930183,3.1835725684037515,1.1606032659975676,1.426310965898121,0.4868284065524302,0.628410145232858,0.2086974506454494,0.128741671387137,0.0827980727765937,0.3887238620044341
moving,0.3,0,0,900,3.6266666666666665,1.6913374063805904,2.474105654108073,1.4449091127543618,0.9952278092963452,0.5787428423494854,0.241596161682077,0.1445403136098641,0.2100743840684712,0.0831897085834792,-0.0088223881888202
moving,0.3,0,20,900,2.603333333333333,1.4897389778824417,2.3862707582296445,1.4265039047175412,1.2008880584764192,0.4791012151334981,0.295258932535448,0.1605719642213676,0.0824398774884109,0.1099451586754791,0.6505297907905491
moving,0.3,0,40,900,2.111111111111111,1.1901862080685286,2.279087260910286,1.4899824035295377,1.2627054029977456,0.4139755857603041,0.371336184185384,0.1825048579428818,0.1278932206694485,0.1161041079143456,0.4702254177589633
moving,0.3,0,60,900,2.0011111111111117,1.0661451271279934,2.507977586695465,1.531356468122108,1.292004667810274,0.3459281661069803,0.4264112982717611,0.1930721530553623,0.1353936290432515,0.1023070883822157,0.4069887944458706
moving,0.3,0,80,900,1.8122222222222224,0.952928559497601,2.876810464067672,1.4975109027094429,1.3416030425459602,0.3225185868875669,0.4406735558166564,0.1962841632776814,0.1102230752874538,0.0941044002457469,0.5025892016894896
moving,0.3,0,100,900,1.7266666666666666,0.8594313365372606,2.939103176463456,1.4870945111989604,1.3864207099334989,0.2932167043969883,0.4990353994024586,0.2174294785436436,0.1252309634322109,0.0984737349846149,0.4429028641888791
moving,0.3,0,120,900,1.727777777777778,0.7904327616042264,2.7890492024999576,1.5161436530046914,1.4218294197305863,0.2714774802836182,0.5246249478404679,0.2026521876379527,0.1328006220070484,0.0936179255159175,0.3973688741556687
moving,0.3,0,140,900,1.6866666666666668,0.7927729112986195,2.882553643484594,1.4603907223806918,1.4658730939586293,0.2692711582080934,0.5379275406493221,0.2165756186636092,0.1248754242015404,0.1089491294863817,0.4707563261297197
moving,0.3,1,0,900,3.523333333333333,1.7102663860086564,2.608641593794657,1.400728899395973,0.985720746815594,0.5624548417758152,0.2530883601489727,0.1428525513874423,0.2179141165103533,0.0801452740747724,-0.0636647324036012
moving,0.3,1,20,900,2.48,1.4136792029625709,2.204690222460844,1.278913808189346,1.225072570930247,0.5020760447879639,0.3257821896056489,0.1529069127489272,0.0946494840498619,0.0915682323529769,0.5699476658038954
moving,0.3,1,40,900,2.306666666666666,1.2566976123510736,2.048473748949156,1.1705311573028452,1.2931947266897093,0.4565580947494102,0.358333161908532,0.1616756706454315,0.1357079511928051,0.0940137918019428,0.3844039418316509
moving,0.3,1,60,900,2.138888888888889,1.0911965343343102,2.0253736394874022,1.009844122948215,1.3589017051381704,0.4210832364791141,0.3908341064866762,0.187844707083081,0.1316206391711371,0.0911109187180023,0.3961203652164954
moving,0.3,1,80,900,2.03,0.9166303023090122,2.113415495467888,0.990620532956187,1.4910752549792308,0.3573537529303227,0.4445323834089682,0.2223467884048319,0.1205067297903854,0.0856127763235883,0.4399580291770144
moving,0.3,1,100,900,1.9333333333333331,0.8743251365736001,2.246040366002628,1.076774593080424,1.50377627209956,0.3391330793046914,0.4931702199467563,0.2265734193560466,0.1115866230264884,0.0880327762354264,0.4835455169624096
moving,0.3,1,120,900,1.9977777777777777,0.8730505620813822,2.1323634365676583,0.9265128603444516,1.5355267550991372,0.3089145779633407,0.5330483303888616,0.2234886180693958,0.126214529564924,0.0911968032206599,0.4218811904956288
moving,0.3,1,140,900,1.9244444444444444,0.8332414764188659,2.239672474697861,0.6745216320658007,1.594327583763499,0.3197031948411751,0.5729158133841857,0.2417606874106565,0.132126482341125,0.0953490700807503,0.4040886775559472
moving,0.3,2,0,900,3.5,1.72272394125634,2.530836828675874,1.447935253260373,0.987603987070644,0.5955237400345407,0.2484619011614697,0.1442066085933502,0.2106151331120023,0.0858306060113894,0.0015868948021535
moving,0.3,2,20,900,2.3633333333333333,1.4071997410144417,2.179892587767106,1.3829569533772312,1.2632887201629377,0.5539178856264143,0.2992290975314811,0.1542341417513855,0.0967480567720364,0.0996581665641775,0.5746172287628096
moving,0.3,2,40,900,1.941111111111111,1.0208269463141084,2.0274929745674988,1.4671422957126292,1.3274229928882404,0.431975043596271,0.3485646412338198,0.1854698744371326,0.1308552165252441,0.0933276133131515,0.4078917626949265
moving,0.3,2,60,900,1.7044444444444444,0.8268966227354893,2.2218123460859203,1.5036411481329617,1.4089981480087388,0.3769554111746864,0.4182176484991546,0.2195437330697078,0.1451329964848832,0.0888154882186694,0.3278534148733324
moving,0.3,2,80,900,1.5133333333333334,0.718671614083156,2.616037310858836,1.395982402205379,1.451172810105543,0.3667605893055441,0.4447896941423463,0.2140734494848606,0.1293068577489585,0.0913885933458563,0.4073957029777293
moving,0.3,2,100,900,1.46,0.6940701213374145,2.694381076145834,1.2280732186799943,1.4906184705793524,0.3414950998287762,0.4746910646710419,0.2190342504752791,0.1231000963594772,0.0909685636343471,0.435606451218137
moving,0.3,2,120,900,1.4155555555555557,0.6364678766636155,2.5907682239079968,1.259281189062322,1.4772719015634188,0.3398607023090482,0.5116462984957068,0.2269951664957058,0.1351686866464499,0.101075996395527,0.4045795060223217
moving,0.3,2,140,900,1.4077777777777778,0.5728540201439296,2.4613046886445678,1.38421854201479,1.4922835362961795,0.3566454235055924,0.513391267306489,0.2376922683744021,0.1396427050866077,0.1078398446500172,0.4014781320365357
static,-0.3,0,0,900,3.468888888888889,1.6673761452883218,2.541872160485704,1.4539389853560831,0.9722716106546824,0.572768914787236,0.2502443893438921,0.1409912234475018,0.2083938964416326,0.0773648219521463,-0.0305597967038785
static,-0.3,0,20,900,2.901111111111111,1.4507465085599087,2.5049687623416657,1.5430660286800058,1.0417632313803504,0.5837313003887725,0.3527133299838345,0.1396945198602512,0.0496460458935037,0.0973809773852413,0.7828970858876528
static,-0.3,0,40,900,2.4922222222222223,1.1425826279654332,2.637937537137179,1.6027622492322515,1.0341401554002674,0.628071534777909,0.4243694375347956,0.1411024466446547,0.026749068904718,0.1056136739259099,0.8876193490841153
static,-0.3,0,60,900,2.2488888888888887,1.030775807550846,2.625886917619378,1.6321854253825074,1.0113358232373268,0.6429085436778205,0.48263883270051,0.1503246402688796,0.0189829353542338,0.109546257410078,0.9211023101148827
static,-0.3,0,80,900,2.125555555555556,0.9409287505333476,2.6186091264266604,1.6392266760929224,0.9627562745850412,0.6371805178937444,0.5441174365311601,0.1743316315946624,0.0178606866040566,0.1135091165365748,0.926979078702168
static,-0.3,0,100,900,2.0011111111111117,0.850489329013264,2.5543254839058296,1.6353773972547954,1.00125111893111,0.6306007754859227,0.608806046277918,0.1588049143201006,0.0170080044016225,0.1079424876726297,0.9306101348503104
static,-0.3,0,120,900,1.8166666666666669,0.7547994582816169,2.451100725111313,1.667238535049034,1.014177650127603,0.6026009558087339,0.6751062611486951,0.1663665926489363,0.0171900725378814,0.112573433570577,0.9290915183671298
static,-0.3,0,140,900,1.72,0.6744874597302262,2.433370767486331,1.731498627911107,0.978970431452898,0.6010686917073003,0.7156323997644299,0.1611052595332432,0.0157149721090862,0.1078403204011429,0.9353678561575428
static,-0.3,1,0,900,3.4722222222222223,1.6879657564837411,2.5276146959701165,1.4542825058499038,0.997638279902413,0.5890152527275853,0.2456202571331263,0.1466769276387149,0.2020729108155279,0.0785855308285407,0.0076365598752264
static,-0.3,1,20,900,2.6,1.4,2.5944084782868737,1.460374193790046,0.9564037374431222,0.5926415521562338,0.3491785426577702,0.1485854958172317,0.0479866583532853,0.0886393826830881,0.7878351002961655
static,-0.3,1,40,900,2.2511111111111117,1.1231151563045472,2.418123887036795,1.5533459825594378,0.8473282652654871,0.5740923254563622,0.4432986375580042,0.1601820945002505,0.0245273265943151,0.1008015004918686,0.896684594542495
static,-0.3,1,60,900,2.1244444444444444,0.94402343557434,2.44429601812044,1.5797015475948593,0.8551572044015446,0.5786871616395881,0.5099894208243098,0.1533987182184172,0.019319195389374,0.1062133357163742,0.9195770363296086
static,-0.3,1,80,900,2.057777777777778,0.8386467641753161,2.346694297253577,1.5957832454970649,0.8037215250602848,0.5641654089700698,0.5648759310757082,0.1618655292502911,0.0175230088347237,0.1120060070174973,0.927550650915386
static,-0.3,1,100,900,1.9244444444444444,0.7504533609183054,2.303006975300661,1.5527585243660522,0.7868793893779533,0.5603065321765569,0.6206688570766757,0.170571503434284,0.0156430927356122,0.1167262450924594,0.9359713618386272
static,-0.3,1,120,900,1.8288888888888888,0.6973353161929177,2.283737315155621,1.5885050631284878,0.7723014872819333,0.5482183980168588,0.6820804375339587,0.1803728433934318,0.0150606176769142,0.1194817852723125,0.938876053261644
static,-0.3,1,140,900,1.7944444444444445,0.6691389344375702,2.3042794594524425,1.5998067168380632,0.7348144506783737,0.5399137170686994,0.7286383737602781,0.1792345062161359,0.0148319534446556,0.1199553166003656,0.9396497600617428
static,-0.3,2,0,900,3.602222222222222,1.6910205845240178,2.516603558864012,1.465478342708714,1.018272515024444,0.5773666500012122,0.2487467751354829,0.1427667962149278,0.2153088681158556,0.0827426289295893,-0.0366280101479383
static,-0.3,2,20,900,2.84,1.449505662861193,2.4522841757561733,1.458612808667151,1.0791362822094284,0.5522042925233834,0.3840815343418672,0.1520793583272651,0.0529779444001303,0.0943843474542266,0.7662899314010145
static,-0.3,2,40,900,2.2888888888888888,1.1029701763314106,2.3925998599517064,1.4713176688569312,1.177391102582325,0.521639851318176,0.4804574486371746,0.1474775449539826,0.0306360093790275,0.1071181532977202,0.8721003894533602
static,-0.3,2,60,900,2.141111111111111,0.9724418799478676,2.557603257477079,1.442922479750611,1.1880967244860057,0.5145944400893678,0.5365469727669832,0.154940190504347,0.0206892208468699,0.1134592331468498,0.915363222385772
static,-0.3,2,80,900,2.026666666666667,0.8726460399905057,2.64504590967685,1.403340099497679,1.153479512676766,0.5422687745220931,0.6005707793682493,0.1701973836685238,0.0185783539384169,0.1165116614752487,0.9239236843909228
static,-0.3,2,100,900,1.8922222222222225,0.7516984882810066,2.642824759797562,1.4042664797830626,1.1896184761928372,0.5228673782558418,0.651651775146055,0.1718510791134652,0.0166888257533634,0.1157080222794752,0.9313902623060628
static,-0.3,2,120,900,1.7966666666666666,0.7361989465415507,2.6051846174317155,1.4123356674297656,1.1968666958787462,0.5296084966288787,0.7048547821836898,0.1697652988870285,0.0150327977563909,0.1229554175132541,0.939446997261967
static,-0.3,2,140,900,1.65,0.647001631459389,2.6491139282881204,1.443179990869652,1.2027667761041163,0.516753724559005,0.7462778947352151,0.155505938065942,0.0158923514291174,0.1216232509285634,0.9356479458476664
static,-0.15,0,0,900,3.484444444444444,1.7239432261282794,2.4884154385662223,1.4482901675830004,1.0157741833510756,0.5736775365038644,0.2516818304807567,0.1450320421004063,0.2152237385656207,0.0830027351125989,-0.0347754040680909
static,-0.15,0,20,900,2.7133333333333334,1.410295477314358,2.4295947983139223,1.4371162510556734,1.0797938964148373,0.5663116648931047,0.3586554388885733,0.1368200788280742,0.0498625174826741,0.0994743722128337,0.7833530476438411
static,-0.15,0,40,900,2.256666666666667,1.1650989466803048,2.562731565572516,1.4123662841881366,1.0941601224924098,0.558837153551752,0.4168600499400849,0.1368024072335392,0.0259185235901733,0.1036389998374965,0.8913790077918383
static,-0.15,0,60,900,2.0055555555555555,0.9597292570895086,2.501249541738809,1.4516959525286692,1.0678667167797318,0.5666171426833886,0.465757322030965,0.1493113191246754,0.0181671234615369,0.1137187815931551,0.9258433393412984
static,-0.15,0,80,900,1.8633333333333333,0.8795137545510272,2.45946617311343,1.3981359735196772,1.0667673841296277,0.5755571341015177,0.4896463242328597,0.1599499149809749,0.017015192720216,0.1214849594984032,0.9311931693623186
static,-0.15,0,100,900,1.752222222222222,0.7787065882714002,2.4613242453990125,1.3926955849587503,1.114130055603602,0.5927330006805187,0.5334511208075675,0.1770578244361427,0.0197963756432818,0.1174585191221887,0.9188880131669104
static,-0.15,0,120,900,1.63,0.6698175539320804,2.429415404996396,1.359344923414091,1.1058707459835564,0.6178829683043163,0.5730440981014193,0.171862091553211,0.0172226186712121,0.1208070777612059,0.930143372797407
static,-0.15,0,140,900,1.6322222222222222,0.6559687963069547,2.516241811686537,1.346093783644684,1.1121644872319116,0.6244156440358032,0.6142110599381807,0.1825622390502643,0.0160391057986008,0.1199904199676175,0.9351412531380972
static,-0.15,1,0,900,3.5733333333333333,1.686600789227321,2.470193317581952,1.4652055662261312,0.9631628191294104,0.5776768476778376,0.2514154409627194,0.1391400303703337,0.1964962198365704,0.0817740692441739,0.0508438506306165
static,-0.15,1,20,900,2.81,1.370527068118118,2.5066565416363407,1.5491682289913808,1.0006500114266554,0.6074110551712039,0.3370082719939225,0.1477254096427268,0.0476607345624037,0.0967609025061765,0.7921231852537506
static,-0.15,1,40,900,2.352222222222222,1.0073869142795773,2.4158282177163524,1.566303080122442,1.080029653725468,0.6296862373123658,0.414435706211234,0.1552485022109001,0.0261409302003854,0.1030099153620542,0.8895005021239462
static,-0.15,1,60,900,2.2144444444444447,0.8038879290480333,2.3216909026947725,1.62041901481747,1.0402013545574498,0.6372398958401588,0.488401081160588,0.1651180682452189,0.0212492931997575,0.1092229408700805,0.911443394938725
static,-0.15,1,80,900,2.178888888888889,0.7790299444315267,2.3422274566051784,1.6408912074339257,1.0275861560102175,0.6313496433742075,0.5665617492284718,0.1792006288884395,0.0171261425086846,0.1073620033734093,0.9289756614331226
static,-0.15,1,100,900,2.0955555555555554,0.7584942849138111,2.261778855242361,1.6214697293161735,1.0390757940214754,0.629027634176792,0.6115998245059932,0.1888937349257715,0.0187953747804735,0.1073533091157032,0.9217777162122976
static,-0.15,1,120,900,1.9833333333333332,0.7736996258956773,2.4399619045772245,1.607849608983166,1.1047256233409002,0.6054285504652605,0.658798960919183,0.1955610737872922,0.0179449066582846,0.1092534493892597,0.9255277190620868
static,-0.15,1,140,900,1.9377777777777776,0.7427543003021145,2.5137516106967674,1.6248323276556778,1.0966201308005454,0.5954139474168156,0.7082142093657579,0.1885347551409592,0.0163166104814379,0.1158691434045006,0.9329365255400824
static,-0.15,2,0,900,3.571111111111111,1.6991660990317472,2.540017724365605,1.46341788109982,0.9966109348510512,0.583616906838627,0.2513721714751227,0.1435743676223626,0.2090665247959117,0.0846525029535058,0.0028697392899
static,-0.15,2,20,900,2.7155555555555555,1.4655989379477528,2.420602322498421,1.3587250692123989,1.1014696844381926,0.5496641359763668,0.3236633894822197,0.1423186062932539,0.0496228570406062,0.1008263290316189,0.7852647032574397
static,-0.15,2,40,900,2.2311111111111117,1.121471696224251,2.3176065776988284,1.295625728121045,1.1302906666508354,0.5814983725052717,0.3868794134674211,0.1422929541862052,0.0249053640756214,0.099050472254504,0.8948859867729704
static,-0.15,2,60,900,2.05,0.9278110439811186,2.240925500211436,1.2730268589625595,1.1157791071700154,0.5693916663000584,0.4455201837197343,0.1645058887757856,0.0208617377995042,0.1077600899380427,0.9130797824832152
static,-0.15,2,80,900,1.961111111111111,0.792772132659182,2.296805488880651,1.32190709110691,1.149106309753601,0.5659140247489267,0.5114226787153396,0.1700301862812754,0.0205126905661306,0.1177232989040317,0.91591021724741
static,-0.15,2,100,900,1.8688888888888888,0.7397663962276567,2.2381120961203185,1.308062817558425,1.133513871024704,0.5541351307488118,0.5547126323405622,0.1742537297409354,0.0180785062782174,0.1162993628218443,0.925704775529261
static,-0.15,2,120,900,1.8,0.7195677714974302,2.2361294530416225,1.3551605122968546,1.09075268574614,0.5392367342355984,0.5916070103369868,0.1900328226904438,0.0159801539940566,0.1190617126372676,0.9348127194528
static,-0.15,2,140,900,1.76,0.6913432979031153,2.2301325443662026,1.406284432616948,1.134636911664814,0.5565349546941668,0.6626228774919163,0.1939963821449849,0.0157762210350494,0.1179943739140091,0.9357749054883076
static,0.0,0,0,900,3.5033333333333334,1.7143155420685474,2.4923105978129025,1.3982417942064551,0.997717194670442,0.5737264102669267,0.2456762721963894,0.1448304723962436,0.2081850497029754,0.0837145775374922,0.0041342269184335
static,0.0,0,20,900,2.7155555555555555,1.4271892431638034,2.2172764727918475,1.3588487149712227,1.179649100389279,0.5674401899104916,0.3372140630111497,0.1555456892067229,0.0464400158772679,0.0942018440698176,0.796106750883959
static,0.0,0,40,900,2.276666666666667,1.0708822946005263,2.0932758295201985,1.322331596758119,1.1940329920277444,0.5620891218934909,0.4187921813703674,0.1697051126726064,0.0220580504984089,0.1059988807702869,0.9076362789015464
static,0.0,0,60,900,2.114444444444445,0.8545383563475286,2.0444742166704004,1.2539524795001702,1.2516173525181582,0.5423854317856169,0.4821290626578995,0.1726320178457747,0.0175879598402474,0.1115985393389493,0.9273967008358156
static,0.0,0,80,900,2.083333333333333,0.7907450776184306,2.087172541374353,1.2788633770897353,1.2695154344833797,0.5548102635038847,0.5423412565236032,0.1908400734360903,0.0177987035305685,0.1127717892530742,0.9265185512404576
static,0.0,0,100,900,2.075555555555556,0.7504533609183054,2.098952029629217,1.3152111938930842,1.2707439131459428,0.5743008065155135,0.614190802007688,0.1985985568007595,0.0174351466863897,0.1103422629933127,0.9282487980250852
static,0.0,0,120,900,2.0588888888888888,0.7302046051841214,2.1477304574421154,1.3322819640464674,1.2365143109146424,0.6237746288244553,0.6846290113973477,0.1929113637612258,0.015951612813794,0.1179356517430252,0.934779126778608
static,0.0,0,140,900,1.978888888888889,0.7663759513224774,2.102890338362678,1.3456046557719763,1.2232198919648898,0.6344751883602074,0.7322084296270125,0.1852656836045595,0.0178503640628428,0.1171394115903588,0.9270338139447498
static,0.0,1,0,900,3.466666666666667,1.713994684290992,2.4926713846030677,1.44906441190297,1.034801416541916,0.5772475660472207,0.2473041579222787,0.1440109152382566,0.2145929325909613,0.0853123482415352,-0.0184306410530727
static,0.0,1,20,900,2.6822222222222223,1.5022633130474814,2.3949358468267428,1.4793692887399317,1.2597191607058211,0.5350484827234668,0.31823091415489,0.148607388643491,0.047630462583514,0.0948564395784971,0.7915593516039595
static,0.0,1,40,900,2.187777777777778,1.291538942311138,2.41700125056025,1.441111934495389,1.3087993036458687,0.5045292069900866,0.3810893510740145,0.1465511065180265,0.0267486081427279,0.1044013695838313,0.8885376758005977
static,0.0,1,60,900,1.8588888888888888,1.0672284400304728,2.328204647599532,1.4056524601499143,1.3502670591220118,0.4731865103838634,0.4469836667224182,0.156626449111243,0.0212127221118219,0.1186351222506201,0.9140659637654642
static,0.0,1,80,900,1.6155555555555556,0.8634441513318252,2.34347207923442,1.384392517683299,1.334153283860576,0.4500284827882309,0.5107638948297617,0.1670987743083421,0.0180447603734781,0.1153296199065746,0.925724072055632
static,0.0,1,100,900,1.522222222222222,0.7261432025553114,2.248784678933744,1.361629567868159,1.356511557313769,0.426499098923744,0.5652824733600829,0.1703338644729723,0.0174073035708998,0.1135555879158614,0.9281331133983804
static,0.0,1,120,900,1.4966666666666666,0.6641535966928133,2.1673497000706763,1.3051496168274752,1.367807433213591,0.4222727098895508,0.6191199259270637,0.171706667304156,0.0188596712492475,0.1124137735215878,0.9220555215176338
static,0.0,1,140,900,1.4366666666666668,0.6176928398843914,2.2349261076399243,1.287357370045367,1.3490475032304292,0.4289833637545999,0.6578548416228052,0.173761669990183,0.016356042124198,0.114072290833827,0.93324493646952
static,0.0,2,0,900,3.5744444444444445,1.7410125477313554,2.421707836642878,1.4599200192531665,1.003774335123048,0.570624896306683,0.2438885257495379,0.1461266069884755,0.2105923243576184,0.0833821503280867,-0.0108127206362016
static,0.0,2,20,900,3.0522222222222224,1.4470450947267812,2.180844659371337,1.516933216698011,1.2505607667395204,0.5317397287034538,0.3373204394190206,0.1588668029695602,0.053072643472448,0.0985545686599931,0.7680067490838864
static,0.0,2,40,900,2.5477777777777777,1.158996479505513,2.165143092200968,1.4780500382838269,1.2469697848794914,0.5581349316078359,0.3779777655553381,0.149724978897067,0.0225008641433939,0.1087865918779526,0.905940909886764
static,0.0,2,60,900,2.236666666666667,0.9629757121663152,2.0821056059908454,1.494529612362644,1.2160793666811578,0.5696867411760598,0.4094747954092644,0.1560381120856558,0.0186179630671203,0.1097628597188626,0.9229137774292836
static,0.0,2,80,900,2.0166666666666666,0.864580823289529,1.9657730518448877,1.4357634879824264,1.1785095018082064,0.562010551289508,0.4632276298378499,0.1654083335805422,0.020325287892278,0.1123985472552236,0.915783765082758
static,0.0,2,100,900,1.9122222222222225,0.7483801437145248,1.7732672033943089,1.3520626932625264,1.1615941617435293,0.5539015525433074,0.4920548990109163,0.1614137926369242,0.0202320220430566,0.1139422884883167,0.9163160790516716
static,0.0,2,120,900,1.9044444444444444,0.737700799196939,1.5497057540614785,1.2480357315244135,1.1132238567580135,0.5681484950789417,0.530939713857481,0.1683876272876595,0.0185939036002292,0.1203518107444086,0.925089741499289
static,0.0,2,140,900,1.8544444444444443,0.7210580360539814,1.5579683052232465,1.2599155080345472,1.1149484840462314,0.5731049490757409,0.5884590375900413,0.1826350719630686,0.0176389013049924,0.1222748643785673,0.9287238799722766
static,0.15,0,0,900,3.4988888888888887,1.7508724456646332,2.4772634647674714,1.4540523316401512,0.985481023286782,0.5621918764412646,0.2423281934085455,0.1438488355574501,0.2201854394144783,0.0872506901739089,-0.037944700638294
static,0.15,0,20,900,2.598888888888889,1.3969008908170373,2.1802594585385124,1.4306194678302888,1.2014782799890484,0.5233307487364797,0.3155671336228978,0.1650473325980896,0.0458364472471524,0.1035885701619569,0.8030313475476264
static,0.15,0,40,900,2.1344444444444446,1.085629475477104,2.0769242331102307,1.429709297240388,1.2783265488496758,0.5308629060127712,0.3795082078761266,0.1768472479741491,0.0192441790920324,0.1073374805416153,0.919941611517868
static,0.15,0,60,900,1.9622222222222223,0.8671252348072371,2.038716682186722,1.4592633089216234,1.3124243846072887,0.5297432250275304,0.4151816991832041,0.1906988685521952,0.0182549679358984,0.110627333272219,0.924310089353139
static,0.15,0,80,900,1.9122222222222225,0.864140906434153,2.0605468068285093,1.4761685210798774,1.3353319957033525,0.5296537416578954,0.4640376892247116,0.2063531999047124,0.0159720820876045,0.1121718911705545,0.9340492424927224
static,0.15,0,100,900,1.8622222222222224,0.8006355500167459,1.972995520516177,1.50953658098834,1.3233363714331696,0.5350575482922748,0.5271806935879148,0.2160033177029864,0.0184627286874489,0.1144531685685985,0.9239964642679136
static,0.15,0,120,900,1.8644444444444443,0.7727743829304774,1.9102149226920784,1.464099552216629,1.3484259457721015,0.5454276152571874,0.572653413909054,0.2083275950913375,0.0182486631913441,0.1143952375250262,0.9248063528663664
static,0.15,0,140,900,1.79,0.7328104196250974,1.8658497042885516,1.4551217223119968,1.3938922092412604,0.5234861708055396,0.6035208469549025,0.203763908963265,0.0170467737180527,0.1113213861326657,0.9294270869751058
static,0.15,1,0,900,3.502222222222222,1.7162606495762671,2.4393576326765656,1.4316362049822615,0.9856144210310638,0.5821155029563467,0.2440892635041385,0.1466720444692703,0.2025535774146495,0.0795225076489736,0.010603812196282
static,0.15,1,20,900,2.6344444444444446,1.6629064990826627,2.2151583703010216,1.3025510232739048,1.2076157695884555,0.5614470933920286,0.3036113168822801,0.1553207760406259,0.0466963276708292,0.0981970638381129,0.7978944089239137
static,0.15,1,40,900,2.16,1.3731391448469858,2.323953955260351,1.3403536848115185,1.3358077042494707,0.492478326452078,0.3513352732887925,0.1599562523716795,0.0243249676780053,0.103534865736139,0.8986999875675983
static,0.15,1,60,900,1.86,1.1057224887928354,2.515316372178493,1.3362749666115945,1.4123772334852305,0.4512706353401137,0.3802858393037956,0.1655161209901601,0.0207406114024891,0.1026468655666243,0.9136118610614884
static,0.15,1,80,900,1.65,0.8568352622684635,2.55121748506267,1.2869965354396715,1.4742468073375683,0.416813416311733,0.4432688453520998,0.1629860548097683,0.019806683816217,0.1045398525258645,0.9174825264365368
static,0.15,1,100,900,1.4933333333333334,0.6757382793820564,2.4967377700817166,1.2939071446753978,1.545208923531319,0.4013473213832626,0.4695546623833958,0.1630308491195767,0.0178602614960671,0.1068223960461464,0.9267924608873482
static,0.15,1,120,900,1.501111111111111,0.648929793231294,2.469323954550832,1.2546094542379915,1.5956632947816645,0.3376102331836766,0.4958223670269924,0.1669233048247762,0.0160702809048256,0.111934209314099,0.9338578717495648
static,0.15,1,140,900,1.4544444444444444,0.6369477758307995,2.4125528409722774,1.2929688973913258,1.6080193022602185,0.3404228806943656,0.5310376083445021,0.1793140745418387,0.0144192406880923,0.1142307677873984,0.9408949112585718
static,0.15,2,0,900,3.562222222222222,1.687705725914311,2.4722065355831804,1.4304870571355488,1.0251378045584518,0.579829966007169,0.2475578756050051,0.1447327019490962,0.2108404541898333,0.0832377651095315,-0.012740734143027
static,0.15,2,20,900,2.5766666666666667,1.453620002308413,2.465483126807274,1.505759741091525,1.1874845069220568,0.5173782654403472,0.3266162525872093,0.1444249132362154,0.0499163047140899,0.096323482009512,0.7817159938921665
static,0.15,2,40,900,2.0044444444444443,1.1680859092369982,2.415609461678973,1.4887897708188034,1.2663773891132055,0.4750493542780952,0.3606520510945205,0.1548032244180621,0.0253371316151593,0.1138025764411481,0.8949388093544764
static,0.15,2,60,900,1.781111111111111,0.9532860646142136,2.646146274293561,1.4577070014036535,1.2909182552984704,0.4535719765404988,0.4105114218009383,0.1639960709050977,0.0188048052576466,0.1138266887104043,0.9222815260929792
static,0.15,2,80,900,1.5922222222222222,0.7175154319328111,2.6975403893239105,1.38823865770706,1.2919555567041177,0.4511736556898826,0.4454755786712535,0.1666394408003928,0.0187832927828793,0.1098276939246445,0.9220113631718572
static,0.15,2,100,900,1.451111111111111,0.6154031098835308,2.693020583545568,1.4169458014117418,1.3366767677340206,0.4357699777862249,0.47801159924114,0.1796799876772178,0.0167679811688696,0.1125020292248094,0.9307280457789312
static,0.15,2,120,900,1.441111111111111,0.5961719447058215,2.7978484914826853,1.3476622785102943,1.3274743763678554,0.4500195044504169,0.5276763491718911,0.1886484989550356,0.0169445393714508,0.1119328301031922,0.9300074713843144
static,0.15,2,140,900,1.4366666666666668,0.57095436673073,2.8094658408961437,1.3743950214247576,1.2888108332191546,0.4494287062037154,0.578840615852657,0.1780005832983186,0.015726490555235,0.1186995781148237,0.9358214782314715
static,0.3,0,0,900,3.433333333333333,1.6868774571839993,2.484612906543917,1.4853790975439327,0.9677791930908952,0.590831650208889,0.2452005670840339,0.1418637399323993,0.2132681053903461,0.0831249925882954,-0.0248292652504291
static,0.3,0,20,900,2.522222222222222,1.4057641478947216,2.283128897415633,1.4743236519901115,1.2300505693199673,0.5317888421157736,0.2871821011181747,0.1658427828910305,0.0441855497109225,0.1002332103610986,0.8088093843801932
static,0.3,0,40,900,2.1844444444444444,1.1763324465011402,1.9358235271057704,1.3578824141207484,1.3238891921416618,0.4781314261046482,0.3088712818994643,0.1763294877008656,0.0205492412777409,0.1063773662729613,0.914270566371532
static,0.3,0,60,900,1.8288888888888888,1.0152442994936348,2.0145029753434778,1.372399367261979,1.3411683253818152,0.4794798449545094,0.305304701121978,0.1736123656402697,0.0172669933514299,0.1056324744620231,0.928464834509308
static,0.3,0,80,900,1.7355555555555555,0.9159465184667488,1.977952050201063,1.373149494029155,1.3756103674696183,0.4729689341366727,0.3596892344561236,0.1788896020634431,0.016776147538176,0.1058163787131902,0.9307347269961128
static,0.3,0,100,900,1.6733333333333331,0.7845451619321294,1.942756647162428,1.3853239430502482,1.4122355311192591,0.4566345390188925,0.375949007308176,0.1788911054214199,0.0178484258581848,0.1042947240025059,0.9260335041210992
static,0.3,0,120,900,1.55,0.6605973727535472,1.7712492130889697,1.4038831948374615,1.4479332139364505,0.4075163718328208,0.3859082383967812,0.1832256231624508,0.0191387005418425,0.1028563971925188,0.92078002711797
static,0.3,0,140,900,1.498888888888889,0.5990723281215613,1.722236958387516,1.430744064325856,1.4564036805494895,0.4189161182337143,0.4263265054450682,0.188604220981245,0.015930815086207,0.1088934567661968,0.935284887541394
static,0.3,1,0,900,3.4166666666666665,1.715533606652914,2.4200834229587445,1.4687895586816724,1.0183731014814947,0.5868941152471756,0.2509796372626676,0.1462119483863465,0.2095372710679408,0.081701241041995,-0.0139878466348302
static,0.3,1,20,900,2.393333333333333,1.407424756228355,2.2784082838055744,1.4138293251618106,1.2130470889042737,0.5256238789130441,0.3091896170546011,0.1544560478402419,0.0497222074006222,0.0979706217701992,0.7838815480736384
static,0.3,1,40,900,1.89,1.0635945342720283,2.1731596685672807,1.38115946903225,1.302704175559516,0.4566740623662438,0.323857744312998,0.1673480151128556,0.0211693605440751,0.1086498679940923,0.9118900772113424
static,0.3,1,60,900,1.6977777777777778,0.8378514556461635,2.069551943214937,1.3777676444890956,1.366484952105359,0.4147882020729582,0.3709718501651669,0.1762429111843025,0.016802704347666,0.1129369483639036,0.9305969828478362
static,0.3,1,80,900,1.6211111111111112,0.7730163782143652,1.9409479468557629,1.2760576696366872,1.3820469241571856,0.380001324012695,0.420600601861481,0.1895071531197713,0.0167515084809008,0.1138228532067603,0.9309543948396048
static,0.3,1,100,900,1.538888888888889,0.6877005880217292,1.8419833767775489,1.1900645886635397,1.4049016368187186,0.3764513003978803,0.4516538936406931,0.1939502303006414,0.016307793408486,0.1149365271090736,0.9328551315779946
static,0.3,1,120,900,1.4855555555555555,0.6837902717957233,1.6785017565214608,1.1328862936357462,1.4360456422924486,0.3779727277086273,0.4688041455144063,0.2001982055416451,0.0155007586233451,0.1182523440153518,0.9367921054083864
static,0.3,1,140,900,1.4622222222222223,0.6443908023651792,1.7035128957876675,1.1118365856278831,1.4391977760981425,0.3746316837088533,0.5162000229790606,0.1992456749797285,0.0178622040372184,0.1124508943842403,0.926524367210711
static,0.3,2,0,900,3.468888888888889,1.7365767375592989,2.4697529826658866,1.4673565524452274,1.002662377462331,0.5741596212463151,0.2558197959745457,0.141017609451898,0.2066938584638454,0.0845976496241257,0.0142287039029431
static,0.3,2,20,900,2.743333333333333,1.4566742944117603,2.04928653872191,1.4187332923904783,1.2296371027480468,0.5293165388970242,0.3037713498623957,0.1535066180747807,0.0531462175170877,0.0994469665234726,0.7682644763651832
static,0.3,2,40,900,2.275555555555556,1.0850817799298826,1.6906599483991749,1.3311688393222063,1.3235495267864588,0.4814583469141771,0.3668027931964258,0.1632275673693848,0.0244248451367601,0.1062270473243869,0.8992281360454311
static,0.3,2,60,900,2.1166666666666667,0.9108908947959806,1.374882820026772,1.1193851227975613,1.419003055223647,0.4176844546170428,0.399751996127865,0.1682247740605114,0.0187168955950054,0.1082661116133364,0.9227799088943012
static,0.3,2,80,900,1.9833333333333332,0.8735305120919106,1.2263166157915195,0.9970516198191428,1.435806188573243,0.3644132545167591,0.437383937880307,0.1787998986579433,0.01590387317005,0.1132542036674021,0.9351018426871788
static,0.3,2,100,900,1.8744444444444444,0.8074735786680042,1.158107740044802,0.9533714480519044,1.433953012738297,0.352525756815474,0.4733929834204072,0.1781562914762433,0.0182056294985616,0.1160996180748203,0.9267406785297602
static,0.3,2,120,900,1.8,0.7659416862050705,1.175367893890818,0.9950469400385346,1.442899628556591,0.3493130154966378,0.5004784791924369,0.1988946096218109,0.0170435138954451,0.1150939971838033,0.931553803109744
static,0.3,2,140,900,1.762222222222222,0.7402068446316246,1.0396419029062771,0.9252663270640086,1.4757302601495486,0.3231765724054545,0.508745749407182,0.2066746672588092,0.0163143302586714,0.1159495547798833,0.9332519492603836
