N,boundary_complexity,bridge_formula,bridge_score,cluster_count,coexistence,entropy,epsilon,motif_persistence,order,phase_variance,r,sensitivity,spatial_entropy,steps,temporal_entropy,transient
48,0.13965277777777776,"order * entropy * sensitivity * (0.65 + 0.35 * boundary_complexity) * (0.5 + 0.5 * max(0, motif_persistence)) * max(0, 1 - abs(order - entropy))",0.002145903242057339,21,0.9155650928235601,0.8120425403749656,0.0,0.5808908045977011,0.8964774475514055,0.07157516741991987,3.65,0.005828129849999471,0.8152457587671861,300,0.8081274956733628,450
48,0.10284722222222223,"order * entropy * sensitivity * (0.65 + 0.35 * boundary_complexity) * (0.5 + 0.5 * max(0, motif_persistence)) * max(0, 1 - abs(order - entropy))",0.0042226842631727666,27,0.6450876780086722,0.5386643221511473,0.1,0.7306034482758621,0.8935766441424752,0.061651749174887804,3.65,0.0229102778605273,0.625892417891343,300,0.4320522051353526,450
48,0.0,"order * entropy * sensitivity * (0.65 + 0.35 * boundary_complexity) * (0.5 + 0.5 * max(0, motif_persistence)) * max(0, 1 - abs(order - entropy))",0.0031729036894256207,15,0.7429134106616502,0.6423991356625898,0.2,0.5163793103448275,0.8994857250009396,0.06224533599846882,3.65,0.014997824146608482,0.7197269906112943,300,0.5478873129475064,450
48,0.0,"order * entropy * sensitivity * (0.65 + 0.35 * boundary_complexity) * (0.5 + 0.5 * max(0, motif_persistence)) * max(0, 1 - abs(order - entropy))",0.004073685119703598,13,0.641037475275766,0.5419311982332465,0.30000000000000004,0.7176724137931034,0.9008937229574805,0.06445804209958661,3.65,0.02331646034449016,0.6690615948251766,300,0.3865496023986652,450
48,0.0,"order * entropy * sensitivity * (0.65 + 0.35 * boundary_complexity) * (0.5 + 0.5 * max(0, motif_persistence)) * max(0, 1 - abs(order - entropy))",0.007918906518653408,7,0.7637100402203786,0.6535179506868558,0.4,0.6383620689655173,0.8898079104664772,0.0672120837936584,3.65,0.033488036692768765,0.7690011245985978,300,0.5123718492391711,450
48,0.0,"order * entropy * sensitivity * (0.65 + 0.35 * boundary_complexity) * (0.5 + 0.5 * max(0, motif_persistence)) * max(0, 1 - abs(order - entropy))",0.010848171140092776,7,0.8676620364920352,0.7505967006859375,0.5,0.6041666666666666,0.8829346641939023,0.07148517032972224,3.65,0.03618577384741939,0.8139385542285623,300,0.673178879689396,450
48,0.0,"order * entropy * sensitivity * (0.65 + 0.35 * boundary_complexity) * (0.5 + 0.5 * max(0, motif_persistence)) * max(0, 1 - abs(order - entropy))",0.015056330984146072,5,0.8371322873531095,0.7433689645800828,0.6000000000000001,0.5918103448275862,0.9062366772269733,0.04491301070940157,3.65,0.051606489393440376,0.8165570494234097,300,0.6539168608826832,450
48,0.0,"order * entropy * sensitivity * (0.65 + 0.35 * boundary_complexity) * (0.5 + 0.5 * max(0, motif_persistence)) * max(0, 1 - abs(order - entropy))",0.01947564147123495,5,0.832606457746073,0.7529042604179885,0.7000000000000001,0.5873563218390805,0.9202978026719155,0.03331555577330236,3.65,0.06543740511712626,0.8283964452662322,300,0.6606360344923572,450
48,0.0,"order * entropy * sensitivity * (0.65 + 0.35 * boundary_complexity) * (0.5 + 0.5 * max(0, motif_persistence)) * max(0, 1 - abs(order - entropy))",0.01961117498018925,9,0.6894205322588449,0.5984722149725291,0.8,0.9494252873563218,0.9090516827136842,0.05359978125997811,3.65,0.08252715573152003,0.8036085778941917,300,0.3477499936238302,450
48,0.0,"order * entropy * sensitivity * (0.65 + 0.35 * boundary_complexity) * (0.5 + 0.5 * max(0, motif_persistence)) * max(0, 1 - abs(order - entropy))",0.016826529512066386,1,0.7921194964475629,0.7798584272762432,0.9,0.5938218390804598,0.9877389308286804,0.0006026938646348512,3.65,0.05323812768246152,0.7835135156035531,300,0.7753910970984201,450
48,0.18368055555555557,"order * entropy * sensitivity * (0.65 + 0.35 * boundary_complexity) * (0.5 + 0.5 * max(0, motif_persistence)) * max(0, 1 - abs(order - entropy))",0.007182971762429901,26,0.8123157214623342,0.702435157534127,1.0,0.6653735632183908,0.8901194360717928,0.07703331823798287,3.65,0.02377768850182288,0.8262371875363932,300,0.5511215653091349,450
48,0.13,"order * entropy * sensitivity * (0.65 + 0.35 * boundary_complexity) * (0.5 + 0.5 * max(0, motif_persistence)) * max(0, 1 - abs(order - entropy))",0.004197799681223028,20,0.908571664386586,0.821778476190361,0.0,0.42442528735632185,0.913206811803775,0.0488567325725342,3.6875,0.012428874529001606,0.8274755755944967,300,0.8148153546964174,450
48,0.09256944444444444,"order * entropy * sensitivity * (0.65 + 0.35 * boundary_complexity) * (0.5 + 0.5 * max(0, motif_persistence)) * max(0, 1 - abs(order - entropy))",0.010522173921505958,13,0.8362928594764104,0.7202782012279256,0.1,0.5747126436781609,0.8839853417515152,0.065287561091938,3.6875,0.03677831747262633,0.7786940496691721,300,0.6488810531330688,450
48,0.0,"order * entropy * sensitivity * (0.65 + 0.35 * boundary_complexity) * (0.5 + 0.5 * max(0, motif_persistence)) * max(0, 1 - abs(order - entropy))",0.015896563829189074,8,0.8938838028618454,0.777143009339389,0.2,0.5571839080459771,0.8832592064775435,0.07557256871535467,3.6875,0.05119290850905359,0.8089776009765082,300,0.7382340640051319,450
48,0.0,"order * entropy * sensitivity * (0.65 + 0.35 * boundary_complexity) * (0.5 + 0.5 * max(0, motif_persistence)) * max(0, 1 - abs(order - entropy))",0.012404012596007307,11,0.7607574655476428,0.6621482906064554,0.30000000000000004,0.7387931034482759,0.9013908250588126,0.07100369662200423,3.6875,0.04834107570289983,0.7449412412835204,300,0.5609569064455981,450
48,0.0,"order * entropy * sensitivity * (0.65 + 0.35 * boundary_complexity) * (0.5 + 0.5 * max(0, motif_persistence)) * max(0, 1 - abs(order - entropy))",0.02032623817230794,9,0.8149086709259534,0.7263525299295336,0.4,0.8048850574712644,0.9114438590035802,0.055252834929119254,3.6875,0.06422997960254263,0.8246901133672707,300,0.6061621501722992,450
48,0.0,"order * entropy * sensitivity * (0.65 + 0.35 * boundary_complexity) * (0.5 + 0.5 * max(0, motif_persistence)) * max(0, 1 - abs(order - entropy))",0.0319946711323722,7,0.8448695391228077,0.766912194594775,0.5,0.6926724137931034,0.9220426554719673,0.037379461396053526,3.6875,0.09734980018556082,0.8478741905372894,300,0.6679586439983682,450
48,0.0,"order * entropy * sensitivity * (0.65 + 0.35 * boundary_complexity) * (0.5 + 0.5 * max(0, motif_persistence)) * max(0, 1 - abs(order - entropy))",0.050793941943855,6,0.8903683920038604,0.7884017031009722,0.6000000000000001,0.6344827586206897,0.8980333110971118,0.054126315139890524,3.6875,0.15168354817665805,0.844878155848676,300,0.7193749275204453,450
48,0.0,"order * entropy * sensitivity * (0.65 + 0.35 * boundary_complexity) * (0.5 + 0.5 * max(0, motif_persistence)) * max(0, 1 - abs(order - entropy))",0.03677178299706875,5,0.8520261685779212,0.7816840255674025,0.7000000000000001,0.6603448275862069,0.9296578569894812,0.029089714431311697,3.6875,0.11005903978267088,0.8458582798409255,300,0.7032488258997631,450
48,0.0,"order * entropy * sensitivity * (0.65 + 0.35 * boundary_complexity) * (0.5 + 0.5 * max(0, motif_persistence)) * max(0, 1 - abs(order - entropy))",0.03161034667530589,5,0.8998882036884663,0.8071422971613194,0.8,0.6175287356321839,0.907254093472853,0.053246309005917536,3.6875,0.0912486171211034,0.8420954727396821,300,0.7644217492322094,450
48,0.0,"order * entropy * sensitivity * (0.65 + 0.35 * boundary_complexity) * (0.5 + 0.5 * max(0, motif_persistence)) * max(0, 1 - abs(order - entropy))",0.03983163946780586,3,0.8488126912019665,0.7981440268339379,0.9,0.6339080459770114,0.9493313356319715,0.02319183305106476,3.6875,0.1166289219763399,0.8393076007482613,300,0.7478329920497646,450
48,0.11979166666666667,"order * entropy * sensitivity * (0.65 + 0.35 * boundary_complexity) * (0.5 + 0.5 * max(0, motif_persistence)) * max(0, 1 - abs(order - entropy))",0.011562560053450514,22,0.8092558870517692,0.7215992913305473,1.0,0.7047413793103449,0.9123434042787781,0.06321058615406228,3.6875,0.0367980548078485,0.8195955201845043,300,0.6018261227312666,450
48,0.1713888888888889,"order * entropy * sensitivity * (0.65 + 0.35 * boundary_complexity) * (0.5 + 0.5 * max(0, motif_persistence)) * max(0, 1 - abs(order - entropy))",0.004465430730558211,14,0.9560794683888056,0.8597063724513136,0.0,0.20488505747126437,0.903626904062508,0.08563286354623822,3.725,0.014056091975881993,0.8648337025364409,300,0.8534396356806024,450
48,0.15354166666666666,"order * entropy * sensitivity * (0.65 + 0.35 * boundary_complexity) * (0.5 + 0.5 * max(0, motif_persistence)) * max(0, 1 - abs(order - entropy))",0.02018891777110642,30,0.7566736252445347,0.6544809768919919,0.1,0.6714080459770115,0.8978073516474572,0.08239977374207508,3.725,0.07720755247242472,0.7129351072171416,300,0.58303703982792,450
48,0.00020833333333333335,"order * entropy * sensitivity * (0.65 + 0.35 * boundary_complexity) * (0.5 + 0.5 * max(0, motif_persistence)) * max(0, 1 - abs(order - entropy))",0.019245862744467556,20,0.6468748244935372,0.5520827747349243,0.2,0.7413793103448276,0.9052079502413871,0.0635936100545823,3.725,0.10518144205242907,0.6129431484174002,300,0.47769787356745363,450
48,0.0,"order * entropy * sensitivity * (0.65 + 0.35 * boundary_complexity) * (0.5 + 0.5 * max(0, motif_persistence)) * max(0, 1 - abs(order - entropy))",0.023777390097961565,13,0.6818176382592698,0.6034126810878186,0.30000000000000004,0.7653735632183908,0.9215950428285489,0.05649730289063892,3.725,0.10930031369376919,0.7032915144999061,300,0.4813385513619338,450
48,0.0,"order * entropy * sensitivity * (0.65 + 0.35 * boundary_complexity) * (0.5 + 0.5 * max(0, motif_persistence)) * max(0, 1 - abs(order - entropy))",0.01905614644732838,11,0.7081622394703104,0.6281917503541655,0.4,0.6133620689655173,0.9200295108838551,0.05859058029614728,3.725,0.08879594347853294,0.7783031593437508,300,0.4447222504780056,450
48,0.0,"order * entropy * sensitivity * (0.65 + 0.35 * boundary_complexity) * (0.5 + 0.5 * max(0, motif_persistence)) * max(0, 1 - abs(order - entropy))",0.03672088624371532,13,0.7932006281161293,0.7158223642759989,0.5,0.8640804597701149,0.9226217361598695,0.060096336783751036,3.725,0.11570527129093401,0.8398257957486565,300,0.5642626146983063,450
48,0.0,"order * entropy * sensitivity * (0.65 + 0.35 * boundary_complexity) * (0.5 + 0.5 * max(0, motif_persistence)) * max(0, 1 - abs(order - entropy))",0.046014223313037825,10,0.8128325541975406,0.7345553181003872,0.6000000000000001,0.6900862068965518,0.9217227639028466,0.05907028127504155,3.725,0.15222078868105307,0.8506276902671754,300,0.5926890854520904,450
48,0.0,"order * entropy * sensitivity * (0.65 + 0.35 * boundary_complexity) * (0.5 + 0.5 * max(0, motif_persistence)) * max(0, 1 - abs(order - entropy))",0.04968115098766468,11,0.8032054417771108,0.7265038090895221,0.7000000000000001,0.85,0.9232983673124112,0.05884273819980734,3.725,0.15336630485065725,0.8407681000130136,300,0.5868474535163657,450
48,0.0,"order * entropy * sensitivity * (0.65 + 0.35 * boundary_complexity) * (0.5 + 0.5 * max(0, motif_persistence)) * max(0, 1 - abs(order - entropy))",0.037026527000454536,11,0.6827859589713405,0.5598985062088354,0.8,0.9985632183908046,0.8771125472374949,0.05459891997020494,3.725,0.1700053202764414,0.8014718765298173,300,0.264642164705413,450
48,0.0,"order * entropy * sensitivity * (0.65 + 0.35 * boundary_complexity) * (0.5 + 0.5 * max(0, motif_persistence)) * max(0, 1 - abs(order - entropy))",0.056449897487964265,13,0.7988092915093342,0.7064845324299318,0.9,0.7370689655172413,0.9076752409205976,0.06548606288210324,3.725,0.19520299664658639,0.8200798951678522,300,0.5676457557502511,450
48,0.07263888888888889,"order * entropy * sensitivity * (0.65 + 0.35 * boundary_complexity) * (0.5 + 0.5 * max(0, motif_persistence)) * max(0, 1 - abs(order - entropy))",0.024003507259864706,22,0.721654011227772,0.6393545573995965,1.0,0.8169540229885057,0.9177005461718245,0.06192057137738616,3.725,0.09238739827610974,0.769037097735697,300,0.4808536747665846,450
48,0.21777777777777776,"order * entropy * sensitivity * (0.65 + 0.35 * boundary_complexity) * (0.5 + 0.5 * max(0, motif_persistence)) * max(0, 1 - abs(order - entropy))",0.0051544409251013034,13,0.9959273896447955,0.8911182680961999,0.0,0.10114942528735632,0.8951908784514043,0.06863330791636235,3.7625,0.01622621029202152,0.8957275375101105,300,0.885484716590309,450
48,0.21465277777777778,"order * entropy * sensitivity * (0.65 + 0.35 * boundary_complexity) * (0.5 + 0.5 * max(0, motif_persistence)) * max(0, 1 - abs(order - entropy))",0.013166848296647281,36,0.6983312468091084,0.5603238376195645,0.1,0.6906609195402299,0.8619925908104561,0.07553565529228545,3.7625,0.06368486739290796,0.6477626428851192,300,0.4534541867394418,450
48,0.05611111111111111,"order * entropy * sensitivity * (0.65 + 0.35 * boundary_complexity) * (0.5 + 0.5 * max(0, motif_persistence)) * max(0, 1 - abs(order - entropy))",0.03703760336974717,15,0.6987078955092807,0.6069621330765866,0.2,0.5810344827586207,0.9082542375673059,0.06209266715245865,3.7625,0.18164614357053543,0.7126578478202853,300,0.47777848172317705,450
48,0.0,"order * entropy * sensitivity * (0.65 + 0.35 * boundary_complexity) * (0.5 + 0.5 * max(0, motif_persistence)) * max(0, 1 - abs(order - entropy))",0.045618125605152084,13,0.6810639063470783,0.6093370865242647,0.30000000000000004,0.5774425287356322,0.9282731801771864,0.05094007463005479,3.7625,0.2309825920107238,0.700887195115805,300,0.49744250935682627,450
48,0.0,"order * entropy * sensitivity * (0.65 + 0.35 * boundary_complexity) * (0.5 + 0.5 * max(0, motif_persistence)) * max(0, 1 - abs(order - entropy))",0.07726916255280483,15,0.7480056432615039,0.6756106186958821,0.4,0.6521551724137931,0.9276049754343783,0.06107703257216035,3.7625,0.3069782453544814,0.801010750876251,300,0.5223437904754311,450
48,0.0,"order * entropy * sensitivity * (0.65 + 0.35 * boundary_complexity) * (0.5 + 0.5 * max(0, motif_persistence)) * max(0, 1 - abs(order - entropy))",0.05744139343107325,13,0.6639834988684074,0.5738777599856112,0.5,0.5,0.9098942611172038,0.057380643482064286,3.7625,0.3398464515929782,0.7193881316637258,300,0.39603175015680425,450
48,0.0,"order * entropy * sensitivity * (0.65 + 0.35 * boundary_complexity) * (0.5 + 0.5 * max(0, motif_persistence)) * max(0, 1 - abs(order - entropy))",0.08422005242031275,9,0.7917262370993111,0.7189467059628745,0.6000000000000001,0.6275862068965518,0.9272204688635634,0.05595738293223429,3.7625,0.30167088670417797,0.8492657443458167,300,0.5596678812726117,450
48,0.0,"order * entropy * sensitivity * (0.65 + 0.35 * boundary_complexity) * (0.5 + 0.5 * max(0, motif_persistence)) * max(0, 1 - abs(order - entropy))",0.04195454599214885,11,0.7117375876150093,0.6184974693731049,0.7000000000000001,0.7708333333333334,0.9067598817580956,0.05992043349036147,3.7625,0.18262820487359402,0.8257747099486703,300,0.365158619780747,450
48,0.0,"order * entropy * sensitivity * (0.65 + 0.35 * boundary_complexity) * (0.5 + 0.5 * max(0, motif_persistence)) * max(0, 1 - abs(order - entropy))",0.0530309807518419,11,0.6884848238111031,0.5719091390358985,0.8,0.9668103448275862,0.8834243152247954,0.05801573976249219,3.7625,0.23850256685458693,0.8170880962849122,300,0.27224596906488174,450
48,0.0,"order * entropy * sensitivity * (0.65 + 0.35 * boundary_complexity) * (0.5 + 0.5 * max(0, motif_persistence)) * max(0, 1 - abs(order - entropy))",0.052888391847580325,11,0.7267891031908835,0.6499270514566773,0.9,0.7943965517241379,0.9231379482657938,0.06026150410815878,3.7625,0.20797874328121102,0.816311399359527,300,0.446568404019861,450
48,0.1326388888888889,"order * entropy * sensitivity * (0.65 + 0.35 * boundary_complexity) * (0.5 + 0.5 * max(0, motif_persistence)) * max(0, 1 - abs(order - entropy))",0.04354697128611912,25,0.7375268280155107,0.6639023782426978,1.0,0.8093390804597701,0.9263755502271871,0.05432060656595661,3.7625,0.15237908761729077,0.7540059168544859,300,0.5537758310505123,450
48,0.22909722222222223,"order * entropy * sensitivity * (0.65 + 0.35 * boundary_complexity) * (0.5 + 0.5 * max(0, motif_persistence)) * max(0, 1 - abs(order - entropy))",0.003512089044154246,17,0.9978172668123502,0.9009519154111976,0.0,0.20991379310344827,0.8987691822235477,0.07247620349202721,3.8,0.009840291345651985,0.9065392407045627,300,0.8941229622748621,450
48,0.34444444444444444,"order * entropy * sensitivity * (0.65 + 0.35 * boundary_complexity) * (0.5 + 0.5 * max(0, motif_persistence)) * max(0, 1 - abs(order - entropy))",0.008053798878935554,35,0.7469874157794781,0.6277445338059552,0.1,0.5987068965517242,0.880757118026477,0.0755199015136584,3.8,0.03165961173431589,0.6981946439650623,300,0.541638843611491,450
48,0.059305555555555556,"order * entropy * sensitivity * (0.65 + 0.35 * boundary_complexity) * (0.5 + 0.5 * max(0, motif_persistence)) * max(0, 1 - abs(order - entropy))",0.07701513301440166,14,0.8336580234071238,0.7527927485753058,0.2,0.614367816091954,0.919134725168182,0.06864900487785719,3.8,0.24660158371597687,0.7936934804411302,300,0.7028029651837424,450
48,0.0,"order * entropy * sensitivity * (0.65 + 0.35 * boundary_complexity) * (0.5 + 0.5 * max(0, motif_persistence)) * max(0, 1 - abs(order - entropy))",0.09828968371076664,9,0.7882664524649284,0.7177572183437393,0.30000000000000004,0.5347701149425287,0.9294907658788109,0.04525349793608269,3.8,0.3747016022469141,0.7821211572826379,300,0.6390901818628634,450
48,0.0,"order * entropy * sensitivity * (0.65 + 0.35 * boundary_complexity) * (0.5 + 0.5 * max(0, motif_persistence)) * max(0, 1 - abs(order - entropy))",0.10070641695933336,10,0.9074744595687657,0.83895288717845,0.4,0.5975574712643679,0.9314784276096842,0.06569776324834531,3.8,0.27350955795580556,0.8700144899245941,300,0.8009887060442737,450
48,0.0,"order * entropy * sensitivity * (0.65 + 0.35 * boundary_complexity) * (0.5 + 0.5 * max(0, motif_persistence)) * max(0, 1 - abs(order - entropy))",0.07857655880858512,10,0.7605562852450163,0.6882199765463779,0.5,0.5027298850574713,0.9276636913013616,0.051130169311674245,3.8,0.3313443184346078,0.8137353147767603,300,0.534812340931466,450
48,0.0,"order * entropy * sensitivity * (0.65 + 0.35 * boundary_complexity) * (0.5 + 0.5 * max(0, motif_persistence)) * max(0, 1 - abs(order - entropy))",0.164735449136931,11,0.8856776754251983,0.8181363596194853,0.6000000000000001,0.6515804597701149,0.932458684194287,0.05995118700544566,3.8,0.4542270330589797,0.8809923114699079,300,0.7413124184689688,450
48,0.0,"order * entropy * sensitivity * (0.65 + 0.35 * boundary_complexity) * (0.5 + 0.5 * max(0, motif_persistence)) * max(0, 1 - abs(order - entropy))",0.1346618139886582,10,0.8097735884770856,0.7412308370423386,0.7000000000000001,0.6916666666666667,0.931457248565253,0.06173821512684119,3.8,0.4380929802677447,0.8627597823514018,300,0.5926954594423726,450
48,0.0,"order * entropy * sensitivity * (0.65 + 0.35 * boundary_complexity) * (0.5 + 0.5 * max(0, motif_persistence)) * max(0, 1 - abs(order - entropy))",0.19919296933817293,7,0.9098726113536101,0.8436478247067682,0.8,0.5954022988505747,0.9337752133531582,0.09159383518197439,3.8,0.5359648472804118,0.8873302573684692,300,0.7902581847869112,450
48,0.0,"order * entropy * sensitivity * (0.65 + 0.35 * boundary_complexity) * (0.5 + 0.5 * max(0, motif_persistence)) * max(0, 1 - abs(order - entropy))",0.08770197913569122,11,0.7395334443512253,0.6705042441701752,0.9,0.8495689655172414,0.9309707998189499,0.061117505953987794,3.8,0.31605312853210593,0.8229462184432924,300,0.48418627561414274,450
48,0.12645833333333334,"order * entropy * sensitivity * (0.65 + 0.35 * boundary_complexity) * (0.5 + 0.5 * max(0, motif_persistence)) * max(0, 1 - abs(order - entropy))",0.08291134279466464,13,0.9192641869503997,0.8502747930752784,1.0,0.5895114942528735,0.9310106061248787,0.05025459536465193,3.8,0.20649217236600817,0.8843455867167044,300,0.8086327119579799,450
48,0.3472222222222222,"order * entropy * sensitivity * (0.65 + 0.35 * boundary_complexity) * (0.5 + 0.5 * max(0, motif_persistence)) * max(0, 1 - abs(order - entropy))",0.0003185477013283851,14,0.4771669750516838,0.3169925001442304,0.0,-0.3333333333333333,0.8398255250925466,0.11311993441068091,3.8375,0.006500465664350484,0.31699250014423036,300,0.31699250014423036,450
48,0.40875,"order * entropy * sensitivity * (0.65 + 0.35 * boundary_complexity) * (0.5 + 0.5 * max(0, motif_persistence)) * max(0, 1 - abs(order - entropy))",0.03759013839116743,32,0.7322112856915928,0.651511761636874,0.1,0.7310344827586207,0.9193004759452812,0.0654416845605158,3.8375,0.12487474733897765,0.6909245287753826,300,0.603340601800919,450
48,0.06395833333333334,"order * entropy * sensitivity * (0.65 + 0.35 * boundary_complexity) * (0.5 + 0.5 * max(0, motif_persistence)) * max(0, 1 - abs(order - entropy))",0.16374002142003727,11,0.9368099834495528,0.8649524522244829,0.2,0.4285919540229885,0.9281424687749301,0.05411760811296029,3.8375,0.453314868191326,0.8724920348890693,300,0.8557374067455439,450
48,0.0,"order * entropy * sensitivity * (0.65 + 0.35 * boundary_complexity) * (0.5 + 0.5 * max(0, motif_persistence)) * max(0, 1 - abs(order - entropy))",0.10937190795623528,13,0.8218866369529705,0.7574013797338655,0.30000000000000004,0.5771551724137931,0.935514742780895,0.05704111042792137,3.8375,0.3664032823459297,0.8002707635068028,300,0.7050054662336085,450
48,0.0,"order * entropy * sensitivity * (0.65 + 0.35 * boundary_complexity) * (0.5 + 0.5 * max(0, motif_persistence)) * max(0, 1 - abs(order - entropy))",0.11886897518839613,15,0.7898499073911595,0.7176574626742448,0.4,0.5788793103448275,0.9278075552830853,0.0752716740550129,3.8375,0.4404702107742809,0.8377488717675663,300,0.5708790737824072,450
48,0.0,"order * entropy * sensitivity * (0.65 + 0.35 * boundary_complexity) * (0.5 + 0.5 * max(0, motif_persistence)) * max(0, 1 - abs(order - entropy))",0.18575173049028845,7,0.9313631493787043,0.867092417532745,0.5,0.5757183908045977,0.9357292681540407,0.06705027468165214,3.8375,0.47999448872981737,0.8941056536278982,300,0.8340762400831133,450
48,0.0,"order * entropy * sensitivity * (0.65 + 0.35 * boundary_complexity) * (0.5 + 0.5 * max(0, motif_persistence)) * max(0, 1 - abs(order - entropy))",0.17509367307089393,9,0.9527097663386329,0.8899549236552565,0.6000000000000001,0.48089080459770117,0.9372451573166236,0.08270111736095775,3.8375,0.45780678342634523,0.9033295286804329,300,0.8736081841800408,450
48,0.0,"order * entropy * sensitivity * (0.65 + 0.35 * boundary_complexity) * (0.5 + 0.5 * max(0, motif_persistence)) * max(0, 1 - abs(order - entropy))",0.16825081033846692,5,0.9425864072341393,0.8797570895137945,0.7000000000000001,0.5449712643678161,0.9371706822796552,0.05374271993716728,3.8375,0.4311722036850538,0.9009542427689845,300,0.8538494577574509,450
48,0.0,"order * entropy * sensitivity * (0.65 + 0.35 * boundary_complexity) * (0.5 + 0.5 * max(0, motif_persistence)) * max(0, 1 - abs(order - entropy))",0.15026267131400714,5,0.9246018884841883,0.8617949396644111,0.8,0.6293103448275862,0.9371930511802228,0.03541846725450726,3.8375,0.37999348765795354,0.8958273461780272,300,0.8201997761477692,450
48,0.0010416666666666667,"order * entropy * sensitivity * (0.65 + 0.35 * boundary_complexity) * (0.5 + 0.5 * max(0, motif_persistence)) * max(0, 1 - abs(order - entropy))",0.1629172016316592,12,0.9573211314271428,0.8928621452995114,0.9,0.5206896551724138,0.9355410138723685,0.07632732561576427,3.8375,0.41199749479524,0.9023658686224648,300,0.8812464834603457,450
48,0.11902777777777777,"order * entropy * sensitivity * (0.65 + 0.35 * boundary_complexity) * (0.5 + 0.5 * max(0, motif_persistence)) * max(0, 1 - abs(order - entropy))",0.07034199036678981,21,0.790363705282793,0.7257011813440466,1.0,0.7625,0.9353374760612536,0.05121814464032404,3.8375,0.21511459772140065,0.7907667412749877,300,0.6461766080951186,450
48,0.3273611111111111,"order * entropy * sensitivity * (0.65 + 0.35 * boundary_complexity) * (0.5 + 0.5 * max(0, motif_persistence)) * max(0, 1 - abs(order - entropy))",0.004577610088886355,13,0.9889396909537123,0.8959204792107145,0.0,0.04224137931034483,0.8848601701644268,0.12869181024827836,3.875,0.014654320343896146,0.9018571337183193,300,0.888664568145864,450
48,0.5025694444444444,"order * entropy * sensitivity * (0.65 + 0.35 * boundary_complexity) * (0.5 + 0.5 * max(0, motif_persistence)) * max(0, 1 - abs(order - entropy))",0.037548443125369924,48,0.7649475375037295,0.599177448739729,0.1,0.7201149425287356,0.8342299112359995,0.08985087242580125,3.875,0.13824979403439377,0.599675454013749,300,0.5985687756270377,450
48,0.07104166666666667,"order * entropy * sensitivity * (0.65 + 0.35 * boundary_complexity) * (0.5 + 0.5 * max(0, motif_persistence)) * max(0, 1 - abs(order - entropy))",0.18207648797359893,11,0.9494609855707642,0.8826525150664293,0.2,0.3452586206896552,0.9331915294956651,0.07768112092512869,3.875,0.5128894521615538,0.8896521912247539,300,0.8740973553173657,450
48,0.0002777777777777778,"order * entropy * sensitivity * (0.65 + 0.35 * boundary_complexity) * (0.5 + 0.5 * max(0, motif_persistence)) * max(0, 1 - abs(order - entropy))",0.17825055000391904,9,0.9280420123936508,0.8651980666199175,0.30000000000000004,0.4425287356321839,0.9371560542262667,0.04542728073645319,3.875,0.5051996000635671,0.8786896536123724,300,0.8487083491846947,450
48,0.0,"order * entropy * sensitivity * (0.65 + 0.35 * boundary_complexity) * (0.5 + 0.5 * max(0, motif_persistence)) * max(0, 1 - abs(order - entropy))",0.17147015123189357,10,0.9575017650378126,0.896103743151172,0.4,0.43333333333333335,0.9386019781133594,0.08335449324915889,3.875,0.4570656977816379,0.9054888197525832,300,0.8846330939716693,450
48,0.0,"order * entropy * sensitivity * (0.65 + 0.35 * boundary_complexity) * (0.5 + 0.5 * max(0, motif_persistence)) * max(0, 1 - abs(order - entropy))",0.21854149954780583,7,0.9488334833545216,0.8879885823523663,0.5,0.4949712643678161,0.9391550989978448,0.059348317355923386,3.875,0.5684378762583294,0.9042248913818416,300,0.8681442046496742,450
48,0.0,"order * entropy * sensitivity * (0.65 + 0.35 * boundary_complexity) * (0.5 + 0.5 * max(0, motif_persistence)) * max(0, 1 - abs(order - entropy))",0.2016943014904309,6,0.9585971964322662,0.8982779712596447,0.6000000000000001,0.4235632183908046,0.9396807748273786,0.08228468218328766,3.875,0.5387735457271601,0.908196132845965,300,0.8861557737652532,450
48,0.0,"order * entropy * sensitivity * (0.65 + 0.35 * boundary_complexity) * (0.5 + 0.5 * max(0, motif_persistence)) * max(0, 1 - abs(order - entropy))",0.1842254653352143,9,0.9391321339830462,0.8791204439566331,0.7000000000000001,0.5221264367816092,0.939988309973587,0.07341153197749206,3.875,0.4798638554429773,0.9021528598670546,300,0.8509697133994512,450
48,0.0,"order * entropy * sensitivity * (0.65 + 0.35 * boundary_complexity) * (0.5 + 0.5 * max(0, motif_persistence)) * max(0, 1 - abs(order - entropy))",0.19287999272740808,8,0.8398693752263261,0.7713079919447783,0.8,0.659051724137931,0.9314386167184522,0.04456313845633142,3.875,0.5928571711614485,0.8760968162915767,300,0.6432327621875801,450
48,0.0022222222222222222,"order * entropy * sensitivity * (0.65 + 0.35 * boundary_complexity) * (0.5 + 0.5 * max(0, motif_persistence)) * max(0, 1 - abs(order - entropy))",0.19720152000135882,7,0.9506648264729629,0.8895535355160853,0.9,0.5070402298850575,0.9388887090431224,0.03994460890416518,3.875,0.5064878843899894,0.9047635972655405,300,0.8709634600445291,450
48,0.18694444444444444,"order * entropy * sensitivity * (0.65 + 0.35 * boundary_complexity) * (0.5 + 0.5 * max(0, motif_persistence)) * max(0, 1 - abs(order - entropy))",0.0838206460939077,22,0.8107923498441644,0.7489510238526913,1.0,0.576580459770115,0.9381586740085269,0.08434859518110449,3.875,0.2608903504176017,0.8338857052735091,300,0.6451419687828026,450
48,0.3590277777777778,"order * entropy * sensitivity * (0.65 + 0.35 * boundary_complexity) * (0.5 + 0.5 * max(0, motif_persistence)) * max(0, 1 - abs(order - entropy))",0.004585370943294317,26,0.9522245155960914,0.930463337900472,0.0,0.005747126436781609,0.8826878534965634,0.11131546638881673,3.9125,0.015031373105991404,0.9354898205962813,300,0.9243198590500383,450
48,0.47868055555555555,"order * entropy * sensitivity * (0.65 + 0.35 * boundary_complexity) * (0.5 + 0.5 * max(0, motif_persistence)) * max(0, 1 - abs(order - entropy))",0.10565442260965732,35,0.8154224701015631,0.7477806831448285,0.1,0.5287356321839081,0.9323582130432654,0.07157145826564704,3.9125,0.29739764071507613,0.7656926939383794,300,0.7258882255082661,450
48,0.09152777777777778,"order * entropy * sensitivity * (0.65 + 0.35 * boundary_complexity) * (0.5 + 0.5 * max(0, motif_persistence)) * max(0, 1 - abs(order - entropy))",0.17098186556247974,17,0.9595562326429655,0.8950560186957572,0.2,0.31939655172413794,0.9354997860527917,0.07225026975577675,3.9125,0.47297030711480265,0.9015743164417724,300,0.8870892103395165,450
48,0.0035416666666666665,"order * entropy * sensitivity * (0.65 + 0.35 * boundary_complexity) * (0.5 + 0.5 * max(0, motif_persistence)) * max(0, 1 - abs(order - entropy))",0.20830316998208673,15,0.952205017506236,0.8893818515531942,0.30000000000000004,0.35172413793103446,0.9371768340469582,0.054681406198137994,3.9125,0.5962889239467192,0.8989613919321965,300,0.8776735244233024,450
48,0.0,"order * entropy * sensitivity * (0.65 + 0.35 * boundary_complexity) * (0.5 + 0.5 * max(0, motif_persistence)) * max(0, 1 - abs(order - entropy))",0.19822586923957375,9,0.9728920534377048,0.9146580772442412,0.4,0.3577586206896552,0.9417660238065364,0.059043208164085925,3.9125,0.5360285882575253,0.9217434479468254,300,0.9059981797188607,450
48,0.0,"order * entropy * sensitivity * (0.65 + 0.35 * boundary_complexity) * (0.5 + 0.5 * max(0, motif_persistence)) * max(0, 1 - abs(order - entropy))",0.2127942208132203,7,0.9777244672993183,0.9175721034006922,0.5,0.314367816091954,0.9398476361013739,0.061596209612094555,3.9125,0.5908067022528355,0.9246746834849561,300,0.9088911721865917,450
48,0.0,"order * entropy * sensitivity * (0.65 + 0.35 * boundary_complexity) * (0.5 + 0.5 * max(0, motif_persistence)) * max(0, 1 - abs(order - entropy))",0.18788103993643945,7,0.9753733938155903,0.9165708788986459,0.6000000000000001,0.3399425287356322,0.9411974850830556,0.05174407824276206,3.9125,0.5127382363972166,0.924653060718649,300,0.9066926566741975,450
48,0.0,"order * entropy * sensitivity * (0.65 + 0.35 * boundary_complexity) * (0.5 + 0.5 * max(0, motif_persistence)) * max(0, 1 - abs(order - entropy))",0.15007268737246807,11,0.9776463523215627,0.9187882186451559,0.7000000000000001,0.3408045977011494,0.9411418663235932,0.08971065621500662,3.9125,0.4073807588941835,0.9276168452403127,300,0.907997675028853,450
48,0.0,"order * entropy * sensitivity * (0.65 + 0.35 * boundary_complexity) * (0.5 + 0.5 * max(0, motif_persistence)) * max(0, 1 - abs(order - entropy))",0.15700579746322382,4,0.9755077569997855,0.9173451100326864,0.8,0.3425287356321839,0.9418373530329008,0.05285571497016561,3.9125,0.42694246193103513,0.9270485138123216,300,0.9054853943020209,450
48,0.005416666666666667,"order * entropy * sensitivity * (0.65 + 0.35 * boundary_complexity) * (0.5 + 0.5 * max(0, motif_persistence)) * max(0, 1 - abs(order - entropy))",0.19336022314713613,9,0.9692552057239081,0.9123499013651439,0.9,0.44568965517241377,0.9430946956412358,0.08857370257245822,3.9125,0.4920270526487897,0.9230432702687449,300,0.8992802282607426,450
48,0.1823611111111111,"order * entropy * sensitivity * (0.65 + 0.35 * boundary_complexity) * (0.5 + 0.5 * max(0, motif_persistence)) * max(0, 1 - abs(order - entropy))",0.11940946566160805,17,0.9753402120539724,0.9150534111835733,1.0,0.3682471264367816,0.9397131991296009,0.06852438405959682,3.9125,0.2915504429487237,0.9247296236804374,300,0.9032269292429617,450
48,0.34902777777777777,"order * entropy * sensitivity * (0.65 + 0.35 * boundary_complexity) * (0.5 + 0.5 * max(0, motif_persistence)) * max(0, 1 - abs(order - entropy))",0.005168389351740888,22,0.9359121423569875,0.9580254650869409,0.0,0.052155172413793104,0.8939376074439284,0.12019768072253934,3.95,0.01587372810277063,0.9637847169140015,300,0.9509863795205333,450
48,0.24868055555555554,"order * entropy * sensitivity * (0.65 + 0.35 * boundary_complexity) * (0.5 + 0.5 * max(0, motif_persistence)) * max(0, 1 - abs(order - entropy))",0.1866164863697356,22,0.9874087888757607,0.920129111064909,0.1,0.2656609195402299,0.9327203221891484,0.08085028726419408,3.95,0.47214504937389296,0.9258202112824664,300,0.9131733219101167,450
48,0.09444444444444444,"order * entropy * sensitivity * (0.65 + 0.35 * boundary_complexity) * (0.5 + 0.5 * max(0, motif_persistence)) * max(0, 1 - abs(order - entropy))",0.16603387981773574,15,0.9727005180016748,0.9114429689004098,0.2,0.27097701149425285,0.938742450898735,0.06056101992153029,3.95,0.4595977405718317,0.9170252021624755,300,0.9046202393578849,450
48,0.011319444444444444,"order * entropy * sensitivity * (0.65 + 0.35 * boundary_complexity) * (0.5 + 0.5 * max(0, motif_persistence)) * max(0, 1 - abs(order - entropy))",0.19690710015001464,15,0.9734117540465126,0.9135667449141818,0.30000000000000004,0.2639367816091954,0.9401549908676692,0.07195943552754913,3.95,0.5698719898726123,0.9208070484856025,300,0.9047174849935566,450
48,0.0,"order * entropy * sensitivity * (0.65 + 0.35 * boundary_complexity) * (0.5 + 0.5 * max(0, motif_persistence)) * max(0, 1 - abs(order - entropy))",0.16747882462154876,13,0.9847154627451818,0.9259157599908057,0.4,0.3021551724137931,0.9412002972456238,0.0980861754328719,3.95,0.4611577519589409,0.934345660080384,300,0.9156125487702097,450
48,0.0,"order * entropy * sensitivity * (0.65 + 0.35 * boundary_complexity) * (0.5 + 0.5 * max(0, motif_persistence)) * max(0, 1 - abs(order - entropy))",0.18425600074761386,7,0.9840955388116858,0.9270216232322132,0.5,0.29669540229885055,0.9429260844205274,0.06885273951645221,3.95,0.5082712342061323,0.9354702110584948,300,0.9166955714445353,450
48,0.0,"order * entropy * sensitivity * (0.65 + 0.35 * boundary_complexity) * (0.5 + 0.5 * max(0, motif_persistence)) * max(0, 1 - abs(order - entropy))",0.18473217497684175,5,0.9893173625242667,0.9309992918907812,0.6000000000000001,0.27025862068965517,0.9416819293665145,0.047599473997038455,3.95,0.5159145942201188,0.9391299091015816,300,0.9210618708553586,450
48,0.0,"order * entropy * sensitivity * (0.65 + 0.35 * boundary_complexity) * (0.5 + 0.5 * max(0, motif_persistence)) * max(0, 1 - abs(order - entropy))",0.15842466682398537,5,0.9874885600178086,0.9308563480436203,0.7000000000000001,0.30114942528735633,0.9433677880258117,0.05114970361314952,3.95,0.4320325679593929,0.9392622063992935,300,0.9205825211644639,450
48,0.0,"order * entropy * sensitivity * (0.65 + 0.35 * boundary_complexity) * (0.5 + 0.5 * max(0, motif_persistence)) * max(0, 1 - abs(order - entropy))",0.20040734179409514,11,0.9868613304812115,0.9294266203481267,0.8,0.30258620689655175,0.9425652898669152,0.08043922002740223,3.95,0.5475718452745911,0.9383859493871539,300,0.9184763293004267,450
48,0.043263888888888886,"order * entropy * sensitivity * (0.65 + 0.35 * boundary_complexity) * (0.5 + 0.5 * max(0, motif_persistence)) * max(0, 1 - abs(order - entropy))",0.21133312124176204,9,0.9702577613747833,0.9185612766829593,0.9,0.3718390804597701,0.948303515308176,0.0835010693702396,3.95,0.5480714322254489,0.9274930452233939,300,0.9076446706890946,450
48,0.19875,"order * entropy * sensitivity * (0.65 + 0.35 * boundary_complexity) * (0.5 + 0.5 * max(0, motif_persistence)) * max(0, 1 - abs(order - entropy))",0.11257263014848264,19,0.9675211118502959,0.9088641278009586,1.0,0.33807471264367817,0.9413430159506627,0.06604305559349555,3.95,0.28249229424841754,0.9298437091789807,300,0.8832224172278201,450
