r,epsilon,order,entropy,sensitivity,domain_wall_density,largest_cluster_fraction,cluster_count,autocorrelation_length,motif_lifetime_proxy,structure_score
3.84,0.65,0.648566721795288,0.7956331763668618,242928654.48039812,0.20644444444444446,0.187,7.432,2.036,0.0,22475372.66359118
3.84,0.675,0.6495271881379534,0.7625673799542919,229865813.16883278,0.1428888888888889,0.30588888888888893,5.144,2.66,0.0,19379805.258279514
3.84,0.7000000000000001,0.6492319461887346,0.7996068971354737,235469531.52116638,0.20833333333333337,0.14388888888888893,7.5,2.072,0.0,21804822.76128745
3.84,0.7250000000000001,0.6472489417412738,0.7630941981713188,223550905.8676476,0.12155555555555554,0.3501666666666666,4.376,3.164,0.0,18787901.11218974
3.84,0.75,0.6509225167287099,0.7674925673521372,228174634.88887876,0.15366666666666665,0.26994444444444443,5.532,2.54,0.0,19545679.06523922
3.84,0.775,0.6462686822981966,0.7709905236862471,254419743.70608822,0.12300000000000001,0.3377222222222222,4.428,3.144,0.0,21532050.315087542
3.84,0.8,0.6512170348966949,0.764527448028734,260353572.2889932,0.14344444444444443,0.2898888888888889,5.164,2.772,0.0,22251454.917450316
3.84,0.8250000000000001,0.6542693793587125,0.7473358748425144,233954562.31070262,0.11122222222222222,0.3660555555555555,4.004,3.308,0.0,19539828.329227827
3.84,0.8500000000000001,0.6498649912330083,0.767947666077818,237962556.92339134,0.12477777777777778,0.3239444444444445,4.492,3.196,0.0,20371952.436128713
3.84,0.875,0.6424109761832494,0.8345366796133062,227000139.42109784,0.1828888888888889,0.2026666666666667,6.584,2.208,0.0,20976849.230500624
3.84,0.9,0.6458414057352024,0.7802944342402648,249876368.15176898,0.152,0.3365,5.472,3.288,0.0,22721312.245539382
3.85,0.65,0.6493126996114492,0.763063455611381,254329858.37747642,0.15333333333333335,0.28894444444444445,5.52,2.476,0.0,21521097.402010966
3.85,0.675,0.6498528490968615,0.7698508208581759,251047718.45739266,0.154,0.2861666666666667,5.544,2.468,0.0,21470491.011692062
3.85,0.7000000000000001,0.6423953224846286,0.7752434466717767,236892193.1384685,0.1282222222222222,0.3249444444444444,4.616,2.976,0.0,19836891.51080813
3.85,0.7250000000000001,0.6436499394692113,0.7756137244207282,244949228.73217207,0.14133333333333334,0.29144444444444445,5.088,2.756,0.0,20667729.311879165
3.85,0.75,0.6518079659227137,0.7586187725537673,241093887.29870075,0.12988888888888891,0.33205555555555555,4.676,2.94,0.0,20350192.043458913
3.85,0.775,0.6473334935738277,0.7762060797552142,240330247.84846216,0.12922222222222224,0.3293888888888889,4.652,3.048,0.0,20605394.36047044
3.85,0.8,0.64992877752463,0.767394933953403,230492693.64335698,0.13877777777777778,0.3205,4.996,2.848,0.0,19726949.67546508
3.85,0.8250000000000001,0.6344950702635711,0.8552038831741697,226745731.7246647,0.2222222222222223,0.09772222222222224,8.0,2.0,0.0,21569754.683269527
3.85,0.8500000000000001,0.6472166067931414,0.7696476247709356,255917549.59815937,0.13755555555555554,0.3276111111111111,4.952,2.996,0.0,21983602.388518568
3.85,0.875,0.6469558414990825,0.7918137305770736,218693981.3654209,0.15755555555555553,0.2661666666666666,5.672,2.652,0.0,19374978.50125906
3.85,0.9,0.6441865223134043,0.7888994957405389,238723397.1139797,0.17688888888888887,0.3027222222222223,6.368,3.148,0.0,22591450.576422706
3.86,0.65,0.6443409911913826,0.8055654350577334,234327152.26083753,0.19766666666666668,0.20972222222222223,7.116,2.288,0.0,21807079.91128402
3.86,0.675,0.6451482907003059,0.7674098364795297,240531770.7132569,0.13755555555555554,0.3083888888888889,4.952,2.816,0.0,20172581.300694738
3.86,0.7000000000000001,0.6484593257017943,0.7849222669175012,237327008.1549491,0.21011111111111114,0.15394444444444447,7.564,2.0,0.0,21551416.648106933
3.86,0.7250000000000001,0.6415618212894899,0.7725532172469798,254076878.99978384,0.12644444444444444,0.3408888888888889,4.552,3.124,0.0,21331646.66604295
3.86,0.75,0.6409604121849659,0.7742310634036749,239264597.77876598,0.12322222222222223,0.3263333333333333,4.436,3.1,0.0,19919951.184569117
3.86,0.775,0.6472302599941177,0.7593963263728927,240185271.25899604,0.12011111111111111,0.3487777777777778,4.324,3.148,0.0,20015316.76992029
3.86,0.8,0.6412863894534492,0.7847986558322545,248997507.23737508,0.12733333333333333,0.33061111111111113,4.584,3.056,0.0,21127588.964820098
3.86,0.8250000000000001,0.6464098629419084,0.7728273307924183,241771281.88304782,0.12955555555555553,0.32616666666666666,4.664,3.044,0.0,20579054.626467925
3.86,0.8500000000000001,0.6412370574482411,0.7751044361794927,242583699.90893027,0.11988888888888889,0.35455555555555557,4.316,3.28,0.0,20431651.033381652
3.86,0.875,0.6466363238700219,0.7721570820586253,241337466.37653494,0.12655555555555556,0.3377222222222222,4.556,3.304,0.0,20817488.741644327
3.86,0.9,0.6385853776811142,0.7986279080824481,248061305.51825798,0.1791111111111111,0.2701111111111111,6.448,2.928,0.0,22938813.24295066
3.87,0.65,0.6420287769280667,0.791974620895352,248481420.05733347,0.1768888888888889,0.2556666666666667,6.368,2.24,0.0,21818162.292486276
3.87,0.675,0.6390093378946943,0.7828822668792091,239435165.93372667,0.14022222222222222,0.31227777777777777,5.048,2.796,0.0,20162538.234870933
3.87,0.7000000000000001,0.6401237426476964,0.776458434211779,233698120.09489727,0.14988888888888885,0.283,5.396,2.604,0.0,19585333.18336937
3.87,0.7250000000000001,0.6408346185883522,0.7886371907548573,254875456.0378376,0.1318888888888889,0.3238333333333333,4.748,3.028,0.0,21808860.769399494
3.87,0.75,0.6483291939708817,0.7632402782219524,243611171.51504454,0.126,0.3386111111111111,4.536,3.036,0.0,20494080.818137404
3.87,0.775,0.640931213063857,0.7682167502450434,244090925.6596915,0.11633333333333334,0.36727777777777776,4.188,3.26,0.0,20238916.631228585
3.87,0.8,0.6413379258152094,0.7704901812130568,257833860.0672173,0.11066666666666666,0.37433333333333335,3.984,3.388,0.0,21470956.798896518
3.87,0.8250000000000001,0.6365650948333089,0.7864526493867464,247022189.36689773,0.12377777777777778,0.33794444444444444,4.456,3.148,0.0,20696217.410800062
3.87,0.8500000000000001,0.6424504134856381,0.7835598629472184,246597743.16692796,0.12755555555555556,0.32011111111111107,4.592,3.088,0.0,20995188.740281433
3.87,0.875,0.6380680882026397,0.8033174298529868,246528531.82234967,0.15311111111111111,0.2797777777777778,5.512,2.796,0.0,21622659.854178067
3.87,0.9,0.6395349297066325,0.8038302187263747,234938880.29013637,0.18655555555555556,0.29244444444444445,6.716,3.04,0.0,22556719.167051625
3.88,0.65,0.6360015865086927,0.7815887977442051,253823518.14521068,0.14388888888888893,0.32027777777777783,5.18,2.768,0.0,21245384.676889326
3.88,0.675,0.6354030169786127,0.7745535403698284,249029003.81762218,0.12466666666666666,0.35161111111111115,4.488,3.252,0.0,20669616.22589147
3.88,0.7000000000000001,0.6423004752672979,0.7718365005072461,243055083.74557257,0.1416666666666667,0.31394444444444447,5.1,2.744,0.0,20383039.61979907
3.88,0.7250000000000001,0.6323852555419567,0.7852652256133542,249605963.65914786,0.12088888888888888,0.35194444444444445,4.352,3.296,0.0,20710004.99384345
3.88,0.75,0.6411099492397961,0.770503351016539,245523770.41109538,0.13466666666666666,0.32261111111111107,4.848,2.856,0.0,20403025.802744996
3.88,0.775,0.6468831453096792,0.766149471325115,239941105.78052664,0.13377777777777777,0.3243888888888889,4.816,2.812,0.0,20103193.849738643
3.88,0.8,0.6416201584029725,0.7737945662176802,250297063.11927772,0.12222222222222223,0.3486111111111111,4.4,3.1,0.0,20889923.17999123
3.88,0.8250000000000001,0.6372047965565503,0.8260382033525603,245614070.5605787,0.16555555555555554,0.2686111111111111,5.96,2.556,0.0,22194673.93313498
3.88,0.8500000000000001,0.6398326941393733,0.7844282755754058,250233580.2859702,0.141,0.3035,5.076,2.816,0.0,21202238.962396197
3.88,0.875,0.6421196053439706,0.7827415174929531,240862015.92124835,0.13666666666666666,0.316,4.92,3.008,0.0,20662129.306031972
3.88,0.9,0.6353665107942813,0.7895346864899084,264778719.83478558,0.17888888888888885,0.35077777777777774,6.44,3.476,0.0,25246746.371693816
3.89,0.65,0.6328147426501041,0.7766664819559838,247459431.3900727,0.13422222222222221,0.3229444444444445,4.832,2.952,0.0,20262164.06265103
3.89,0.675,0.6395653689929884,0.7787794270833626,253323939.71756953,0.13266666666666665,0.3274444444444445,4.776,2.992,0.0,21303066.66155992
3.89,0.7000000000000001,0.6379282953594204,0.7768271119756306,250584568.73617244,0.13422222222222221,0.32605555555555554,4.832,2.884,0.0,20806176.419376872
3.89,0.7250000000000001,0.6316824073055518,0.7836984413789942,256146859.87594533,0.12655555555555556,0.34094444444444444,4.556,3.212,0.0,21212409.16813617
3.89,0.75,0.6396208883368671,0.7803425487038415,257691174.75152257,0.14799999999999996,0.3151666666666667,5.328,2.628,0.0,21740626.718577888
3.89,0.775,0.6375909858350358,0.7760181103070393,259043965.1742717,0.12766666666666665,0.34405555555555556,4.596,3.1,0.0,21578383.548830535
3.89,0.8,0.6391501294988384,0.7782614629331249,244632134.9563626,0.12533333333333335,0.3392222222222222,4.512,3.092,0.0,20441313.094436653
3.89,0.8250000000000001,0.6383029048480422,0.768591616331877,234631906.9528823,0.11466666666666665,0.359,4.128,3.328,0.0,19313109.59907063
3.89,0.8500000000000001,0.6450805781654275,0.763214145032251,250802309.01037276,0.11322222222222222,0.3755,4.076,3.388,0.0,21022262.396137726
3.89,0.875,0.6474581171762639,0.7612277251613057,254191074.3810556,0.13233333333333333,0.3401666666666666,4.764,3.104,0.0,21605264.054113887
3.89,0.9,0.6305195312392012,0.7911997495689211,250303958.1891914,0.17733333333333332,0.3284444444444445,6.384,3.552,0.0,23427801.686516885
3.9,0.65,0.637705435219283,0.7689852108583043,249175872.9414333,0.1388888888888889,0.3095,5.0,2.756,0.0,20408287.816559657
3.9,0.675,0.6347521225788295,0.781710212892269,250985437.10848448,0.14155555555555555,0.3097777777777778,5.096,2.768,0.0,20799452.737073433
3.9,0.7000000000000001,0.6320796832228965,0.7809926532284174,248242965.9267357,0.12755555555555556,0.3383888888888889,4.592,3.072,0.0,20355773.084414322
3.9,0.7250000000000001,0.6402621176541359,0.7653160512905655,254533369.3733986,0.13344444444444442,0.3358333333333333,4.804,2.924,0.0,21039079.358716298
3.9,0.75,0.6364317605007861,0.7688829526795155,245458936.47937745,0.1228888888888889,0.3591111111111111,4.424,3.104,0.0,20056975.394414775
3.9,0.775,0.6350122876424209,0.7946984141943569,246842420.85641354,0.14844444444444443,0.29194444444444445,5.344,2.7,0.0,20919694.838045396
3.9,0.8,0.6313859045297949,0.7891071164415407,257949234.41290292,0.129,0.3183888888888889,4.644,3.108,0.0,21367777.670838274
3.9,0.8250000000000001,0.6310130784146172,0.7937120085804443,250560992.08169,0.1328888888888889,0.3202222222222222,4.784,3.164,0.0,21068665.660843242
3.9,0.8500000000000001,0.6409838654067999,0.7684072611385768,247244707.12946898,0.11811111111111111,0.3668888888888889,4.252,3.328,0.0,20659201.07119899
3.9,0.875,0.636359012989852,0.7804360053950706,243845786.67676204,0.13955555555555554,0.33305555555555555,5.024,3.18,0.0,20849713.664496
3.9,0.9,0.6415462504522301,0.7703382080129282,244031510.59940255,0.19022222222222224,0.33194444444444443,6.848,3.288,0.0,23374880.323882002
3.91,0.65,0.6324779278065453,0.7781012146410319,252353642.30012196,0.1383333333333333,0.3113333333333333,4.98,2.832,0.0,20624506.71333962
3.91,0.675,0.6305935625344866,0.7814506517091567,246952164.66912374,0.14055555555555554,0.3256111111111111,5.06,2.852,0.0,20278735.24649265
3.91,0.7000000000000001,0.6344300806581127,0.7860779019631955,255897712.77923745,0.1486666666666667,0.3036111111111111,5.352,2.68,0.0,21427262.89649695
3.91,0.7250000000000001,0.6314005983884444,0.7834666279516214,245409389.5001169,0.12622222222222224,0.341,4.544,3.164,0.0,20221022.65021053
3.91,0.75,0.6327644800355261,0.7732391832208964,262696045.6949957,0.11988888888888889,0.3565,4.316,3.264,0.0,21422271.788853876
3.91,0.775,0.6370605575764549,0.7685124867670186,255566018.35225472,0.12488888888888888,0.33955555555555555,4.496,3.044,0.0,20857617.481314156
3.91,0.8,0.6325329659912517,0.7956003805285806,252781031.38077062,0.1373333333333333,0.3178888888888889,4.944,2.888,0.0,21190306.92525824
3.91,0.8250000000000001,0.6348338841180683,0.7869786436795237,254544035.72846895,0.14444444444444446,0.2990555555555555,5.2,2.74,0.0,21277742.888727576
3.91,0.8500000000000001,0.6384863100874837,0.7786100189741898,256931958.03104782,0.12788888888888889,0.3365,4.604,3.12,0.0,21555983.234604537
3.91,0.875,0.6323108357406748,0.7911614972264004,249655899.35450143,0.14788888888888888,0.31533333333333335,5.324,3.124,0.0,21521575.507127326
3.91,0.9,0.6302811743913369,0.7926145227300119,251844175.02717274,0.189,0.30961111111111106,6.804,3.16,0.0,23479799.618691094
