r,epsilon,order,entropy,sensitivity,domain_wall_density,largest_cluster_fraction,cluster_count,autocorrelation_length,motif_lifetime_proxy,structure_score,ftle_proxy,sensitivity_renormalized,structure_score_renormalized
3.84,0.65,0.648566721795288,0.7956331763668618,242928654.4803981,0.2064444444444444,0.187,7.432,2.036,0.0,22475372.66359118,0.2999373114268085,0.574427191997383,0.05314509000947506
3.84,0.675,0.6495271881379534,0.7625673799542919,229865813.1688328,0.1428888888888889,0.3058888888888889,5.144,2.66,0.0,19379805.258279517,0.2959498424361154,0.5734521248783044,0.048347295980570706
3.84,0.7000000000000001,0.6492319461887346,0.7996068971354737,235469531.5211664,0.2083333333333333,0.1438888888888889,7.5,2.072,0.0,21804822.76128745,0.2838198129120571,0.5704824521142535,0.05282750883486505
3.84,0.7250000000000001,0.6472489417412738,0.7630941981713188,223550905.8676476,0.1215555555555555,0.3501666666666666,4.376,3.164,0.0,18787901.11218974,0.20012157515046455,0.549864088994698,0.046212257960130954
3.84,0.75,0.6509225167287099,0.7674925673521372,228174634.8888788,0.1536666666666666,0.2699444444444444,5.532,2.54,0.0,19545679.06523922,0.2901481527639832,0.5720324027941477,0.04900089690239716
3.84,0.775,0.6462686822981966,0.7709905236862471,254419743.70608824,0.123,0.3377222222222222,4.428,3.144,0.0,21532050.315087546,0.2975870191618652,0.5738525378991395,0.04856628475248822
3.84,0.8,0.6512170348966949,0.764527448028734,260353572.2889932,0.1434444444444444,0.2898888888888889,5.164,2.772,0.0,22251454.91745032,0.29200707444766344,0.5724874268294441,0.04892837865409637
3.84,0.8250000000000001,0.6542693793587125,0.7473358748425144,233954562.31070265,0.1112222222222222,0.3660555555555555,4.004,3.308,0.0,19539828.329227827,0.20511445710236784,0.5510995848818382,0.04602770373248335
3.84,0.8500000000000001,0.6498649912330083,0.767947666077818,237962556.9233913,0.1247777777777777,0.3239444444444445,4.492,3.196,0.0,20371952.436128717,0.2862482509990334,0.571077395575161,0.04888988288922627
3.84,0.875,0.6424109761832494,0.8345366796133062,227000139.42109784,0.1828888888888889,0.2026666666666667,6.584,2.208,0.0,20976849.230500624,0.27323468423806924,0.5678868422340765,0.05247783855952181
3.84,0.9,0.6458414057352024,0.7802944342402648,249876368.15176895,0.152,0.3365,5.472,3.288,0.0,22721312.245539386,0.24994326593978458,0.5621625366506716,0.051117561146183814
3.85,0.65,0.6493126996114492,0.763063455611381,254329858.3774764,0.1533333333333333,0.2889444444444444,5.52,2.476,0.0,21521097.40201097,0.2872823197598116,0.5713306700159799,0.04834533812353587
3.85,0.675,0.6498528490968615,0.7698508208581759,251047718.45739263,0.154,0.2861666666666667,5.544,2.468,0.0,21470491.011692066,0.29210621446114166,0.5725116907344552,0.04896322972195796
3.85,0.7000000000000001,0.6423953224846286,0.7752434466717767,236892193.1384685,0.1282222222222222,0.3249444444444444,4.616,2.976,0.0,19836891.51080813,0.31206572549625283,0.5773894010446617,0.04834946545206985
3.85,0.7250000000000001,0.6436499394692113,0.7756137244207282,244949228.73217207,0.1413333333333333,0.2914444444444444,5.088,2.756,0.0,20667729.311879165,0.2833073450070017,0.5703568764307332,0.048124183098075014
3.85,0.75,0.6518079659227137,0.7586187725537673,241093887.29870075,0.1298888888888889,0.3320555555555555,4.676,2.94,0.0,20350192.043458916,0.29442856339565904,0.5730799712320406,0.04837238970054461
3.85,0.775,0.6473334935738277,0.7762060797552142,240330247.84846216,0.1292222222222222,0.3293888888888889,4.652,3.048,0.0,20605394.36047044,0.18106689039453924,0.5451434534397825,0.046739417704251135
3.85,0.8,0.64992877752463,0.767394933953403,230492693.64335695,0.1387777777777777,0.3205,4.996,2.848,0.0,19726949.67546508,0.29670939945320113,0.5736379057855817,0.04909537877535013
3.85,0.8250000000000001,0.6344950702635711,0.8552038831741697,226745731.7246647,0.2222222222222223,0.0977222222222222,8.0,2.0,0.0,21569754.683269527,0.2877560713982624,0.5714466935237514,0.05436029556155055
3.85,0.8500000000000001,0.6472166067931414,0.7696476247709356,255917549.59815937,0.1375555555555555,0.3276111111111111,4.952,2.996,0.0,21983602.388518568,0.29402438573897577,0.572981082482725,0.049219712806806974
3.85,0.875,0.6469558414990825,0.7918137305770736,218693981.3654209,0.1575555555555555,0.2661666666666666,5.672,2.652,0.0,19374978.50125906,0.2188111474583092,0.5544855703482497,0.04912410454865116
3.85,0.9,0.6441865223134043,0.7888994957405389,238723397.1139797,0.1768888888888888,0.3027222222222223,6.368,3.148,0.0,22591450.576422703,0.2529310481396699,0.5628977997635441,0.05326950762544464
3.86,0.65,0.6443409911913826,0.8055654350577334,234327152.26083755,0.1976666666666666,0.2097222222222222,7.116,2.288,0.0,21807079.91128402,0.3044778540605077,0.5755367988558588,0.05356091619533537
3.86,0.675,0.6451482907003059,0.7674098364795297,240531770.7132569,0.1375555555555555,0.3083888888888889,4.952,2.816,0.0,20172581.300694738,0.2186949493102097,0.5544568655843373,0.0465004110083324
3.86,0.7000000000000001,0.6484593257017943,0.7849222669175012,237327008.1549491,0.2101111111111111,0.1539444444444444,7.564,2.0,0.0,21551416.648106933,0.2861875275945947,0.5710625214342644,0.051857588511430776
3.86,0.7250000000000001,0.6415618212894899,0.7725532172469798,254076878.99978384,0.1264444444444444,0.3408888888888889,4.552,3.124,0.0,21331646.66604295,0.3025531972686278,0.575066548158955,0.048281120513914345
3.86,0.75,0.6409604121849659,0.7742310634036749,239264597.778766,0.1232222222222222,0.3263333333333333,4.436,3.1,0.0,19919951.18456912,0.19123519864665206,0.5476636296310281,0.045595683060062814
3.86,0.775,0.6472302599941177,0.7593963263728927,240185271.25899604,0.1201111111111111,0.3487777777777778,4.324,3.148,0.0,20015316.76992029,0.3032437666060801,0.5752352903902423,0.047935980812006396
3.86,0.8,0.6412863894534492,0.7847986558322545,248997507.23737508,0.1273333333333333,0.3306111111111111,4.584,3.056,0.0,21127588.964820094,0.29533136954103983,0.5733008365806344,0.04864492244460924
3.86,0.8250000000000001,0.6464098629419084,0.7728273307924183,241771281.88304785,0.1295555555555555,0.3261666666666666,4.664,3.044,0.0,20579054.626467925,0.316237213921461,0.5784069596357503,0.049232763816966535
3.86,0.8500000000000001,0.6412370574482411,0.7751044361794927,242583699.90893027,0.1198888888888888,0.3545555555555555,4.316,3.28,0.0,20431651.03338165,0.27499064942558343,0.568317689478108,0.04786664855006193
3.86,0.875,0.6466363238700219,0.7721570820586253,241337466.3765349,0.1265555555555555,0.3377222222222222,4.556,3.304,0.0,20817488.741644327,0.2696624681942434,0.5670100395234444,0.0489096255604276
3.86,0.9,0.6385853776811142,0.7986279080824481,248061305.518258,0.1791111111111111,0.2701111111111111,6.448,2.928,0.0,22938813.24295066,0.2558572302781765,0.5636176359320358,0.05211905042613242
3.87,0.65,0.6420287769280667,0.791974620895352,248481420.05733347,0.1768888888888889,0.2556666666666667,6.368,2.24,0.0,21818162.29248628,0.3004348922957934,0.574548826404663,0.05044884054736186
3.87,0.675,0.6390093378946943,0.7828822668792091,239435165.93372667,0.1402222222222222,0.3122777777777777,5.048,2.796,0.0,20162538.234870933,0.31975698399930996,0.5792650261457327,0.04877918910633038
3.87,0.7000000000000001,0.6401237426476964,0.776458434211779,233698120.09489727,0.1498888888888888,0.283,5.396,2.604,0.0,19585333.18336937,0.2918050436846334,0.5724379799706266,0.047973807234679755
3.87,0.7250000000000001,0.6408346185883522,0.7886371907548573,254875456.0378376,0.1318888888888889,0.3238333333333333,4.748,3.028,0.0,21808860.76939949,0.2951120407711803,0.5732471819820341,0.049050890080372535
3.87,0.75,0.6483291939708817,0.7632402782219524,243611171.5150445,0.126,0.3386111111111111,4.536,3.036,0.0,20494080.818137404,0.31173152242837665,0.5773078497513028,0.04856671250405961
3.87,0.775,0.640931213063857,0.7682167502450434,244090925.6596915,0.1163333333333333,0.3672777777777777,4.188,3.26,0.0,20238916.631228585,0.3213122874764958,0.5796440333289539,0.04806146412296173
3.87,0.8,0.6413379258152094,0.7704901812130568,257833860.0672173,0.1106666666666666,0.3743333333333333,3.984,3.388,0.0,21470956.79889652,0.2972602056754598,0.5737726151044854,0.047780563142818436
3.87,0.8250000000000001,0.6365650948333089,0.7864526493867464,247022189.36689773,0.1237777777777777,0.3379444444444444,4.456,3.148,0.0,20696217.410800066,0.20417941753427515,0.550868255498722,0.04615329987046696
3.87,0.8500000000000001,0.6424504134856381,0.7835598629472184,246597743.166928,0.1275555555555555,0.320111111111111,4.592,3.088,0.0,20995188.740281437,0.3044162686746064,0.5755217538337857,0.04899958811747404
3.87,0.875,0.6380680882026397,0.8033174298529868,246528531.82234967,0.1531111111111111,0.2797777777777778,5.512,2.796,0.0,21622659.854178067,0.19205436995055994,0.5478665535115061,0.04805258054510583
3.87,0.9,0.6395349297066325,0.8038302187263747,234938880.2901364,0.1865555555555555,0.2924444444444444,6.716,3.04,0.0,22556719.167051625,0.2593000670450361,0.5644642250018751,0.05419478030835449
3.88,0.65,0.6360015865086927,0.7815887977442051,253823518.14521068,0.1438888888888889,0.3202777777777778,5.18,2.768,0.0,21245384.676889326,0.3164772522150285,0.5784654924355023,0.04841837351756976
3.88,0.675,0.6354030169786127,0.7745535403698284,249029003.81762215,0.1246666666666666,0.3516111111111111,4.488,3.252,0.0,20669616.22589147,0.3296958897002298,0.5816853802820259,0.04828037453599775
3.88,0.7000000000000001,0.6423004752672979,0.7718365005072461,243055083.74557257,0.1416666666666667,0.3139444444444444,5.1,2.744,0.0,20383039.61979907,0.3163909437707629,0.5784444465686426,0.04850939914757558
3.88,0.7250000000000001,0.6323852555419567,0.7852652256133542,249605963.65914783,0.1208888888888888,0.3519444444444444,4.352,3.296,0.0,20710004.99384345,0.29537447858357596,0.5733113821825128,0.04756810059330481
3.88,0.75,0.6411099492397961,0.770503351016539,245523770.41109535,0.1346666666666666,0.322611111111111,4.848,2.856,0.0,20403025.802745,0.31419894527418396,0.5779098437646786,0.04802430915038692
3.88,0.775,0.6468831453096792,0.766149471325115,239941105.78052664,0.1337777777777777,0.3243888888888889,4.816,2.812,0.0,20103193.849738643,0.30963931744672474,0.5767972201716263,0.04832630195389247
3.88,0.8,0.6416201584029725,0.7737945662176802,250297063.1192777,0.1222222222222222,0.3486111111111111,4.4,3.1,0.0,20889923.17999123,0.29093607362631774,0.5722252837936126,0.04775822005710373
3.88,0.8250000000000001,0.6372047965565503,0.8260382033525603,245614070.5605787,0.1655555555555555,0.2686111111111111,5.96,2.556,0.0,22194673.93313498,0.3039522922694222,0.5754084020684482,0.05199621435835281
3.88,0.8500000000000001,0.6398326941393733,0.7844282755754058,250233580.2859702,0.141,0.3035,5.076,2.816,0.0,21202238.9623962,0.3114909691802608,0.5772491480152623,0.04891019967452947
3.88,0.875,0.6421196053439706,0.7827415174929531,240862015.92124835,0.1366666666666666,0.316,4.92,3.008,0.0,20662129.30603197,0.2806681847236905,0.5697100307081403,0.0488720576235806
3.88,0.9,0.6353665107942813,0.7895346864899084,264778719.8347856,0.1788888888888888,0.3507777777777777,6.44,3.476,0.0,25246746.371693816,0.2695525477703604,0.5669830527993922,0.05406203844480692
3.89,0.65,0.6328147426501041,0.7766664819559838,247459431.3900727,0.1342222222222222,0.3229444444444445,4.832,2.952,0.0,20262164.06265103,0.3222386970582422,0.5798697426793747,0.047480169962146275
3.89,0.675,0.6395653689929884,0.7787794270833626,253323939.71756956,0.1326666666666666,0.3274444444444445,4.776,2.992,0.0,21303066.66155992,0.3079798512603679,0.5763920893084535,0.04847121482250565
3.89,0.7000000000000001,0.6379282953594204,0.7768271119756306,250584568.73617244,0.1342222222222222,0.3260555555555555,4.832,2.884,0.0,20806176.419376872,0.31618715296488703,0.5783947521059989,0.04802443866776704
3.89,0.7250000000000001,0.6316824073055518,0.7836984413789942,256146859.87594533,0.1265555555555555,0.3409444444444444,4.556,3.212,0.0,21212409.16813617,0.3240372041993714,0.5803078334232301,0.048057302798909546
3.89,0.75,0.6396208883368671,0.7803425487038415,257691174.75152257,0.1479999999999999,0.3151666666666667,5.328,2.628,0.0,21740626.718577888,0.30833243248388875,0.5764781747184451,0.048635723827351554
3.89,0.775,0.6375909858350358,0.7760181103070393,259043965.1742717,0.1276666666666666,0.3440555555555555,4.596,3.1,0.0,21578383.54883053,0.2988685503106654,0.5741659012615868,0.04782806667488818
3.89,0.8,0.6391501294988384,0.7782614629331249,244632134.9563626,0.1253333333333333,0.3392222222222222,4.512,3.092,0.0,20441313.094436653,0.31198579993302444,0.5773698982169733,0.04824467915002845
3.89,0.8250000000000001,0.6383029048480422,0.768591616331877,234631906.9528823,0.1146666666666666,0.359,4.128,3.328,0.0,19313109.59907063,0.33549002884904927,0.5830945827549039,0.04799590017239759
3.89,0.8500000000000001,0.6450805781654275,0.763214145032251,250802309.0103728,0.1132222222222222,0.3755,4.076,3.388,0.0,21022262.39613773,0.295718989208542,0.5733956561168555,0.04806205328514561
3.89,0.875,0.6474581171762639,0.7612277251613057,254191074.3810556,0.1323333333333333,0.3401666666666666,4.764,3.104,0.0,21605264.054113887,0.275444822053907,0.5684291094131839,0.048314288905778824
3.89,0.9,0.6305195312392012,0.7911997495689211,250303958.1891914,0.1773333333333333,0.3284444444444445,6.384,3.552,0.0,23427801.686516885,0.26398863453712407,0.5656165325036788,0.052940241336877615
3.9,0.65,0.637705435219283,0.7689852108583043,249175872.9414333,0.1388888888888889,0.3095,5.0,2.756,0.0,20408287.816559657,0.3231780998384938,0.5800985835722308,0.04751189878766185
3.9,0.675,0.6347521225788295,0.781710212892269,250985437.10848448,0.1415555555555555,0.3097777777777778,5.096,2.768,0.0,20799452.737073436,0.32074551019534375,0.5795059279440321,0.04802432482931622
3.9,0.7000000000000001,0.6320796832228965,0.7809926532284174,248242965.9267357,0.1275555555555555,0.3383888888888889,4.592,3.072,0.0,20355773.08441432,0.31141420179956836,0.57723041416304,0.047332544889079065
3.9,0.7250000000000001,0.6402621176541359,0.7653160512905655,254533369.3733986,0.1334444444444444,0.3358333333333333,4.804,2.924,0.0,21039079.358716294,0.32824801618334093,0.5813330312299987,0.04805150620525782
3.9,0.75,0.6364317605007861,0.7688829526795155,245458936.47937745,0.1228888888888889,0.3591111111111111,4.424,3.104,0.0,20056975.39441477,0.3112092360257335,0.5771803944538803,0.04716264616697996
3.9,0.775,0.6350122876424209,0.7946984141943569,246842420.85641357,0.1484444444444444,0.2919444444444444,5.344,2.7,0.0,20919694.8380454,0.31060981753061134,0.5770341036906351,0.048903171985073685
3.9,0.8,0.6313859045297949,0.7891071164415407,257949234.4129029,0.129,0.3183888888888889,4.644,3.108,0.0,21367777.670838278,0.32195049077668253,0.5797995280117375,0.048028936532451515
3.9,0.8250000000000001,0.6310130784146172,0.7937120085804443,250560992.08169,0.1328888888888889,0.3202222222222222,4.784,3.164,0.0,21068665.66084324,0.31932564117745327,0.5791598969504433,0.04869922541270541
3.9,0.8500000000000001,0.6409838654067999,0.7684072611385768,247244707.12946895,0.1181111111111111,0.3668888888888889,4.252,3.328,0.0,20659201.07119899,0.32081146794813936,0.5795220003662834,0.048423530152583445
3.9,0.875,0.636359012989852,0.7804360053950706,243845786.67676204,0.1395555555555555,0.3330555555555555,5.024,3.18,0.0,20849713.664496,0.29034444242662066,0.5720804560485121,0.04891498788731153
3.9,0.9,0.6415462504522301,0.7703382080129282,244031510.59940252,0.1902222222222222,0.3319444444444444,6.848,3.288,0.0,23374880.323882,0.2740638597654032,0.5680903032937125,0.05441527948596351
3.91,0.65,0.6324779278065453,0.7781012146410319,252353642.300122,0.1383333333333333,0.3113333333333333,4.98,2.832,0.0,20624506.71333962,0.32586325585733095,0.5807525041620536,0.04746408180086443
3.91,0.675,0.6305935625344866,0.7814506517091567,246952164.6691237,0.1405555555555555,0.3256111111111111,5.06,2.852,0.0,20278735.24649265,0.3308236978851558,0.5819597817181803,0.047788236047177905
3.91,0.7000000000000001,0.6344300806581127,0.7860779019631955,255897712.77923745,0.1486666666666667,0.3036111111111111,5.352,2.68,0.0,21427262.89649695,0.32410429417119074,0.5803241731415599,0.048592691540873076
3.91,0.7250000000000001,0.6314005983884444,0.7834666279516214,245409389.5001169,0.1262222222222222,0.341,4.544,3.164,0.0,20221022.65021053,0.328002390089043,0.5812732483442463,0.047895231493271184
3.91,0.75,0.6327644800355261,0.7732391832208964,262696045.6949957,0.1198888888888888,0.3565,4.316,3.264,0.0,21422271.78885388,0.33341549616739813,0.5825901868622946,0.04750891963929167
3.91,0.775,0.6370605575764549,0.7685124867670186,255566018.35225472,0.1248888888888888,0.3395555555555555,4.496,3.044,0.0,20857617.48131416,0.31919610304831153,0.5791283238178347,0.04726464468424686
3.91,0.8,0.6325329659912517,0.7956003805285806,252781031.38077065,0.1373333333333333,0.3178888888888889,4.944,2.888,0.0,21190306.92525824,0.32531456445195606,0.5806189033929599,0.048672531725573245
3.91,0.8250000000000001,0.6348338841180683,0.7869786436795237,254544035.72846892,0.1444444444444444,0.2990555555555555,5.2,2.74,0.0,21277742.888727576,0.3330235804938318,0.5824948781714064,0.04869167810693934
3.91,0.8500000000000001,0.6384863100874837,0.7786100189741898,256931958.03104785,0.1278888888888888,0.3365,4.604,3.12,0.0,21555983.234604537,0.3184104428577677,0.5789368161219793,0.04857142878548676
3.91,0.875,0.6323108357406748,0.7911614972264004,249655899.35450143,0.1478888888888888,0.3153333333333333,5.324,3.124,0.0,21521575.50712733,0.29453415777956576,0.5731058056825871,0.04940456004629336
3.91,0.9,0.6302811743913369,0.7926145227300119,251844175.02717277,0.189,0.309611111111111,6.804,3.16,0.0,23479799.61869109,0.2750543441663779,0.5683333158124134,0.05298654364533927
