r,epsilon,long_memory_score,smooth_even_score,resonant_even_score,odd_even_motif_index,even_decay_index,motif_25,motif_50,motif_75,motif_100,motif_125,motif_150,motif_175,motif_200,motif_225,motif_250,motif_260,comp_25,comp_50,comp_75,comp_100,comp_125,comp_150,comp_175,comp_200,comp_225,comp_250,comp_260,frame_25,frame_50,frame_75,frame_100,frame_125,frame_150,frame_175,frame_200,frame_225,frame_250,frame_260,wall_period,wall_spectral_entropy,wall_ac_late_mean,mean_wall_velocity,max_cluster_lifetime,global_period,frame_even_mean,motif_even_mean,motif_odd_mean,comp_even_mean,parity_index,smooth_index,resonance_index,class,atlas_score
3.845,0.12,5.906433566049043e-06,0.0,5.906433566049043e-06,0.5423528205128205,0.0,3.3333333333333335e-05,0.423375,1.923076923076923e-05,0.8157083333333334,0.0,0.384275,0.0,0.736125,0.0,0.3523333333333333,0.7164285714285714,0.0,0.0,0.0,0.0,0.0,0.0,0.0,0.0,0.0,0.0,0.0,0.18265,0.8209821428571429,0.1886538461538461,0.9565208333333334,0.1979318181818181,0.8034,0.2094166666666666,0.93028125,0.2141071428571428,0.7886666666666666,0.925,301.0,0.5030171774873922,-0.0657001269987075,0.2088712332098831,60.0,3.0,0.8599701785714287,0.5423633333333333,1.0512820512820513e-05,0.0,0.5423528205128205,1.2812910428816996e-160,0.8089166666666667,resonant phase-memory,0.0401172197181855
3.845,0.1253,4.986625858067335e-06,0.0,4.986625858067335e-06,0.5991472433122433,0.0,0.0,0.47075,1.923076923076923e-05,0.8063333333333333,2.272727272727273e-05,0.4695499999999999,2.777777777777778e-05,0.779625,3.571428571428572e-05,0.4695833333333333,0.7686160714285715,0.0,0.0,0.0,0.0,0.0,0.0,0.0,0.0,0.0,0.0,0.0,0.1719833333333333,0.8375,0.1740576923076923,0.9570416666666668,0.1752272727272727,0.8384,0.1762777777777777,0.94896875,0.1775714285714285,0.8385,0.9458928571428572,52.0,0.5669105106361872,-0.0107554602509092,0.2021632496954533,98.0,2.99009900990099,0.8840820833333334,0.5991683333333333,2.1090021090021093e-05,0.0,0.5991472433122432,1.0629442056745703e-119,0.7245222222222223,resonant phase-memory,0.03607453907147309
3.845,0.1307,4.2200107643263e-06,0.0,4.2200107643263e-06,0.5883253977966478,0.0,0.0002666666666666,0.4753214285714285,0.0001538461538461,0.7802916666666667,4.545454545454545e-05,0.476525,0.0001388888888888,0.74034375,0.0,0.46975,0.7008928571428571,0.0,0.0,0.0,0.0,0.0,0.0,0.0,0.0,0.0,0.0,0.0,0.1652333333333333,0.8456428571428571,0.1658076923076923,0.9491458333333334,0.1664545454545454,0.8501,0.1668055555555555,0.94084375,0.16925,0.8508333333333333,0.930625,103.0,0.719616336040897,-0.0097412364043663,0.2046767875452639,180.0,2.99009900990099,0.8873131547619048,0.588446369047619,0.00012097125097120911,0.0,0.5883253977966478,1.2906251398008523e-92,0.7070277777777778,resonant phase-memory,0.04076195301173005
3.845,0.136,2.8958723379112355e-06,6.016993554889736e-07,2.2941729824222616e-06,0.5476207292707292,0.0278979642857142,0.0009,0.4948571428571428,0.0002307692307692,0.6065625,0.0002727272727272,0.50515,0.00025,0.6376875,0.0005,0.496,0.6016964285714286,0.0,0.0,0.0,0.0,0.0,0.0,0.0,0.0,0.0,0.0,0.0,0.1483499999999999,0.8748392857142857,0.1484230769230769,0.9022916666666668,0.1492954545454545,0.8792249999999999,0.1500277777777777,0.91025,0.1511071428571428,0.8755416666666667,0.9008928571428572,3.0,0.7998388105152631,-0.0031854582712826,0.1915413751686419,51.0,2.5,0.8884295238095238,0.5480514285714285,0.00043069930069928,0.0,0.5476207292707292,3.986606063992896e-16,0.5502952380952382,resonant phase-memory,0.03193558173277109
3.855,0.103,6.958683763136668e-06,1.8276679308942049e-06,5.131015832242464e-06,0.4045301492951493,0.0686346309523809,0.00015,0.4496785714285713,0.000576923076923,0.4196249999999999,0.0007727272727272,0.4137,0.0009722222222222,0.382625,0.0012142857142857,0.3607083333333333,0.3695982142857142,0.0,0.0,0.0,0.0,0.0,0.0,0.0,0.0,0.0,0.0,0.0,0.1629166666666666,0.8674821428571429,0.1764423076923076,0.8512083333333333,0.1872954545454545,0.840875,0.1998888888888889,0.82675,0.2085,0.8155416666666666,0.8158928571428572,201.89577717879604,0.8434388766005888,-0.0235845218542131,0.1774535541201868,17.0,102.352487135506,0.8403714285714287,0.4052673809523809,0.00073723165723162,0.0,0.4045301492951493,0.3742352144977757,0.3955273834210967,resonant phase-memory,0.012324238846148711
3.855,0.1083,1.4037837921153728e-05,5.839815782684272e-06,8.198022138469455e-06,0.4940407022144522,0.0879109523809523,0.00035,0.5400892857142857,0.0004807692307692,0.5110208333333334,0.0013636363636363,0.489575,0.0009166666666666,0.47096875,0.0007142857142857,0.462375,0.4514732142857143,0.0,0.0,0.0,0.0,0.0,0.0,0.0,0.0,0.0,0.0,0.0,0.1504166666666666,0.8829464285714286,0.1640961538461538,0.8677291666666667,0.1771363636363636,0.8548749999999999,0.1832777777777778,0.8483125,0.1898571428571428,0.8417083333333333,0.8383482142857143,250.5,0.8272387234741146,-0.0176914115824554,0.1687732596409692,17.0,101.5,0.8591142857142857,0.49480577380952384,0.0007650715950715599,0.0,0.4940407022144523,0.6025307429006966,0.46784523809523815,smooth even-lag motif memory,0.010214508424149662
3.855,0.1137,8.07226019435905e-06,0.0,8.07226019435905e-06,0.4122773534798535,0.0,0.0003,0.3548214285714285,0.000826923076923,0.569125,0.001,0.32685,0.0014166666666666,0.5085625,0.0026785714285714,0.30825,0.4629464285714286,0.0,0.0,0.0,0.0,0.0,0.0,0.0,0.0,0.0,0.0,0.0,0.1881499999999999,0.8274821428571428,0.1991346153846153,0.8889583333333333,0.2143181818181818,0.803975,0.2239166666666666,0.8554375000000001,0.2353214285714285,0.7882916666666666,0.8356696428571428,102.00251256281408,0.788407447471766,-0.0208604047463295,0.2069081365216925,13.0,102.00251256281408,0.8328289285714285,0.4135217857142857,0.0012444322344322,0.0,0.4122773534798535,2.8860529533535e-44,0.5308788309108088,resonant phase-memory,0.012753011966078177
3.855,0.119,1.1988963819631258e-06,0.0,1.1988963819631258e-06,0.5793770995670995,0.0,0.0,0.4699642857142857,0.0,0.7858333333333334,4.545454545454545e-05,0.460675,8.333333333333333e-05,0.72,0.0,0.4605416666666666,0.7617857142857143,0.0,0.0,0.0,0.0,0.0,0.0,0.0,0.0,0.0,0.0,0.0,0.1510333333333333,0.8517857142857143,0.1523846153846154,0.9567916666666668,0.1542727272727272,0.851925,0.1537777777777778,0.94253125,0.1547857142857142,0.8534583333333333,0.9490625,2.0,0.6013583017287174,-0.0005389817032344,0.1704498442959824,25.0,2.171140939597316,0.8912983928571429,0.5794028571428571,2.5757575757575755e-05,0.0,0.5793770995670995,3.097781245605247e-95,0.7168611111111112,resonant phase-memory,0.02422988568030745
3.855,0.12,9.538289135852509e-07,0.0,9.538289135852509e-07,0.5986128904428905,0.0,0.0,0.464375,9.615384615384615e-05,0.8496458333333333,2.272727272727273e-05,0.451725,0.0,0.7858125,0.0,0.441625,0.79125,0.0,0.0,0.0,0.0,0.0,0.0,0.0,0.0,0.0,0.0,0.0,0.1536666666666666,0.8483928571428572,0.1552692307692307,0.9693958333333332,0.1557045454545454,0.84795,0.1565555555555555,0.95646875,0.1597142857142857,0.84575,0.9549553571428572,2.0,0.4840171452844396,-0.0189719395722724,0.1625592848475422,14.0,2.0,0.893591488095238,0.5986366666666667,2.377622377622378e-05,0.0,0.5986128904428905,5.031194890852847e-150,0.7720138888888888,resonant phase-memory,0.012471208545760287
3.855,0.1253,3.518660254830929e-05,0.0,3.518660254830929e-05,0.7077667261904762,0.0,0.0,0.5784107142857142,0.0,0.9230208333333334,0.0,0.57285,0.0,0.90321875,0.0,0.5613333333333334,0.8780357142857143,0.0,0.0,0.0,0.0,0.0,0.0,0.0,0.0,0.0,0.0,0.0,0.1408666666666666,0.8613035714285714,0.1422115384615384,0.982375,0.14275,0.8595,0.1437777777777777,0.97771875,0.1451428571428571,0.8570833333333333,0.971875,201.5,0.3986057463522988,-0.0259626129655287,0.1520558248603085,28.0,201.0,0.907596130952381,0.7077667261904762,0.0,0.0,0.7077667261904762,5.420987580008941e-131,0.741125,resonant phase-memory,0.02127267475964608
3.855,0.1307,1.0971086995027774e-05,0.0,1.0971086995027774e-05,0.5608837301587302,0.0,5e-05,0.5099464285714286,0.0,0.7420833333333333,0.0,0.46605,2.777777777777778e-05,0.669125,0.0,0.4172916666666666,0.6142857142857143,0.0,0.0,0.0,0.0,0.0,0.0,0.0,0.0,0.0,0.0,0.0,0.1503833333333333,0.8595178571428571,0.1562307692307692,0.9402916666666666,0.1623863636363636,0.843875,0.1721111111111111,0.916875,0.1807857142857143,0.8262916666666666,0.9014285714285716,300.5,0.5447968294655321,-0.0805856866000475,0.1727151555373304,36.0,101.5,0.8773702380952381,0.5608992857142857,1.5555555555555555e-05,0.0,0.5608837301587302,1.9566020688773791e-53,0.7133611111111111,resonant phase-memory,0.034090705228761176
3.855,0.136,1.2625762067049342e-05,3.955078530244863e-06,8.670683536804479e-06,0.585037152014652,0.0345688809523809,0.0001166666666666,0.5218392857142857,5.769230769230769e-05,0.7090416666666667,0.0,0.516625,0.0001666666666666,0.6630625,0.0,0.5149583333333333,0.6295982142857143,0.0,0.0,0.0,0.0,0.0,0.0,0.0,0.0,0.0,0.0,0.0,0.1456666666666666,0.8712678571428571,0.1469807692307692,0.9352916666666666,0.147840909090909,0.87245,0.1491666666666666,0.924625,0.1495,0.8750833333333333,0.9177232142857144,151.47087378640776,0.7934955432506985,-0.0058695560478198,0.1847378015431421,67.0,3.0002000200020005,0.8957435714285713,0.5851053571428572,6.820512820510154e-05,0.0,0.585037152014652,4.676097355415952e-31,0.6130055555555556,resonant phase-memory,0.03527691131947562
3.865,0.12,3.228033187680128e-06,3.6731200558946393e-07,2.8607211820906634e-06,0.568668988095238,0.0417244761904761,1.6666666666666667e-05,0.4782678571428571,0.0,0.7510416666666667,0.0,0.465125,0.0,0.68621875,0.0,0.4627083333333333,0.6253124999999999,0.0,0.0,0.0,0.0,0.0,0.0,0.0,0.0,0.0,0.0,0.0,0.1486833333333333,0.8578035714285714,0.1498461538461538,0.948,0.1530227272727272,0.857125,0.1563888888888889,0.92696875,0.161,0.8560416666666667,0.9099107142857144,101.5,0.5127784503228686,-0.0133629853201469,0.171272199470707,15.0,2.1944444444444446,0.8891877976190476,0.5686723214285714,3.3333333333333333e-06,0.0,0.568668988095238,1.1264792642513535e-69,0.6922222222222223,resonant phase-memory,0.012390369637004748
3.865,0.1253,1.5772837683769112e-05,0.0,1.5772837683769112e-05,0.5557622448384949,0.0,0.0001833333333333,0.491625,0.0004038461538461,0.7597916666666666,0.0002727272727272,0.4565,0.0005,0.68096875,0.0004642857142857,0.39175,0.6318303571428572,0.0,0.0,0.0,0.0,0.0,0.0,0.0,0.0,0.0,0.0,0.0,0.1535666666666666,0.8530892857142858,0.1598653846153846,0.9409791666666668,0.1664545454545454,0.83775,0.1749444444444444,0.914875,0.1875714285714285,0.8159166666666666,0.8972321428571428,400.0,0.5742287368359494,-0.071951001551453,0.1719402147897559,42.0,101.5,0.8725220238095238,0.5561270833333334,0.00036483849483846,0.0,0.5557622448384949,2.845454684430309e-69,0.7453611111111111,resonant phase-memory,0.03824429710107558
3.865,0.1307,1.412680870150198e-05,0.0,1.412680870150198e-05,0.6985470833333334,0.0,1.6666666666666667e-05,0.577375,0.0,0.923375,0.0,0.568075,0.0,0.88721875,0.0,0.5367083333333333,0.858125,0.0,0.0,0.0,0.0,0.0,0.0,0.0,0.0,0.0,0.0,0.0,0.1357,0.8672678571428571,0.1362307692307692,0.9824375,0.1372954545454545,0.8669,0.1393888888888889,0.97471875,0.1430714285714285,0.8600833333333333,0.9676339285714286,300.5,0.4901051761960051,-0.046599680479803,0.1533560999689313,8.0,101.72463768115942,0.910281488095238,0.6985504166666667,3.3333333333333333e-06,0.0,0.6985470833333334,2.5564081270201236e-127,0.7577777777777777,resonant phase-memory,0.006948529286273643
3.865,0.136,1.7967473027597997e-05,0.0,1.7967473027597997e-05,0.6482644444444444,0.0,0.0,0.531875,0.0,0.8854166666666666,0.0,0.5096,2.777777777777778e-05,0.83125,0.0,0.4832083333333333,0.7942857142857143,0.0,0.0,0.0,0.0,0.0,0.0,0.0,0.0,0.0,0.0,0.0,0.1372166666666666,0.8669464285714286,0.1405961538461538,0.9736875,0.1443636363636363,0.8596,0.1488611111111111,0.9579375,0.1529642857142857,0.8528333333333333,0.948125,202.0,0.4849622168670527,-0.0575343823099136,0.1670251849289565,35.0,201.5,0.9022009523809522,0.64827,5.555555555555556e-06,0.0,0.6482644444444444,2.1156485600083286e-131,0.7681388888888889,resonant phase-memory,0.03092249047423183
3.8717,0.103,1.006226732860645e-06,0.0,1.006226732860645e-06,0.249669129065379,0.0,0.0005833333333333,0.3085178571428571,0.0011153846153846,0.253375,0.0014545454545454,0.2338,0.0017222222222222,0.24846875,0.0046071428571428,0.2136666666666666,0.2125446428571428,0.0,0.0,0.0,0.0,0.0,0.0,0.0,0.0,0.0,0.0,0.0,0.23585,0.8126428571428571,0.2516538461538462,0.786875,0.2696590909090909,0.7699,0.2822777777777778,0.7635625,0.3018571428571428,0.7451666666666666,0.7407589285714286,151.85185185185185,0.7894339769038076,-0.0196832143968812,0.31246687150685,17.0,2.883464943766451,0.7756294047619048,0.2515656547619048,0.0018965256965256603,0.0,0.24966912906537914,0.050061363602241005,0.17259444837322582,ordinary frame persistence,0.11639573735950032
3.8717,0.1083,1.5396030327671082e-05,7.571530974362144e-06,7.824499353308937e-06,0.362674986957487,0.065542869047619,0.0006666666666666,0.4164464285714285,0.001076923076923,0.384125,0.0015681818181818,0.352525,0.0020555555555555,0.3416875,0.005,0.3289583333333333,0.3284821428571428,0.0,0.0,0.0,0.0,0.0,0.0,0.0,0.0,0.0,0.0,0.0,0.1941,0.8432678571428571,0.2134038461538461,0.8263125,0.2323181818181818,0.80125,0.2473333333333333,0.7896875,0.2537857142857143,0.7811666666666667,0.7800446428571428,350.0,0.839523937530382,-0.0361193171633624,0.2096257361369518,14.0,101.83400934885633,0.8083369047619048,0.3647484523809523,0.00207346542346538,0.0,0.36267498695748696,0.28857589984412996,0.3346608864791718,resonant phase-memory,0.009207619302074197
3.8717,0.1137,2.1972100837500106e-05,1.0986050418750053e-05,1.0986050418750053e-05,0.4180888542013542,0.0836554047619047,0.00015,0.4899642857142857,0.000326923076923,0.4493958333333333,9.09090909090909e-05,0.41465,0.0001944444444444,0.377375,0.0001785714285714,0.36,0.3586160714285714,0.0,0.0,0.0,0.0,0.0,0.0,0.0,0.0,0.0,0.0,0.0,0.1595,0.8721071428571429,0.174576923076923,0.8551041666666667,0.1883863636363636,0.8389249999999999,0.2013888888888889,0.82365625,0.2181428571428571,0.8122083333333333,0.8102678571428572,233.83333333333331,0.7282670961514467,-0.0664200354333211,0.1697241338704347,26.0,201.00251256281408,0.8404001785714286,0.4182770238095238,0.0001881696081695782,0.0,0.4180888542013542,0.34411045306677,0.4486054276946334,resonant phase-memory,0.01952978358827485
3.8717,0.119,1.222309396890397e-05,0.0,1.222309396890397e-05,0.4647893532856033,0.0,5e-05,0.3861607142857142,9.615384615384615e-05,0.6163125,9.09090909090909e-05,0.372975,0.0002777777777777,0.57353125,0.0003928571428571,0.375875,0.541875,0.0,0.0,0.0,0.0,0.0,0.0,0.0,0.0,0.0,0.0,0.0,0.1680166666666666,0.8431785714285714,0.1745192307692307,0.9156875,0.1794772727272727,0.8374,0.1835277777777778,0.89896875,0.1868928571428571,0.8341666666666667,0.8840178571428572,101.5,0.647634237687738,-0.01081170556117,0.1896924331406192,17.0,101.5,0.8658802976190476,0.4649708928571429,0.0001815395715395474,0.0,0.46478935328560333,2.611517872061323e-52,0.6087500000000001,resonant phase-memory,0.014701863661449759
3.875,0.12,1.5394653152515514e-05,5.844424688388805e-06,9.55022846412671e-06,0.3910045505883006,0.0163839285714285,0.0004666666666666,0.3513571428571428,0.0006346153846153,0.5034166666666666,0.0011818181818181,0.3394749999999999,0.0015277777777777,0.43453125,0.0013214285714285,0.331375,0.3953125,0.0,0.0,0.0,0.0,0.0,0.0,0.0,0.0,0.0,0.0,0.0,0.1920333333333333,0.8266249999999999,0.2018846153846153,0.8744583333333333,0.210340909090909,0.816575,0.2194722222222222,0.84396875,0.2281071428571428,0.8042916666666666,0.8235714285714286,300.5,0.7999235364147358,-0.0216279592484229,0.2167831455978293,22.0,102.21724925387448,0.8331837500000001,0.39203101190476186,0.0010264613164612398,0.0,0.39100455058830064,1.0587957834814777e-17,0.44031028786291665,resonant phase-memory,0.01714834781837458
3.875,0.1253,1.1047122284978994e-06,0.0,1.1047122284978994e-06,0.6267073443223443,0.0,1.6666666666666667e-05,0.5013392857142858,1.923076923076923e-05,0.8447291666666666,0.0,0.496525,0.0,0.8115625,0.0,0.4794166666666667,0.6749999999999999,0.0,0.0,0.0,0.0,0.0,0.0,0.0,0.0,0.0,0.0,0.0,0.1459666666666666,0.8568035714285714,0.1470384615384615,0.9674583333333332,0.1481818181818182,0.8556,0.1490555555555555,0.9590625,0.151,0.8544166666666666,0.9326339285714286,2.1944444444444446,0.5361935269270578,-0.0121812527935194,0.1639510994604295,8.0,2.1944444444444446,0.8986682142857143,0.6267145238095239,7.17948717948718e-06,0.0,0.6267073443223444,1.082947643011227e-124,0.7435416666666665,resonant phase-memory,0.007406010959107713
3.875,0.1307,3.834824047647196e-05,0.0,3.834824047647196e-05,0.6182312314074814,0.0,5e-05,0.4762678571428571,1.923076923076923e-05,0.8959166666666667,2.272727272727273e-05,0.4509499999999999,2.777777777777778e-05,0.8479687499999999,3.571428571428572e-05,0.4202083333333333,0.8226339285714286,0.0,0.0,0.0,0.0,0.0,0.0,0.0,0.0,0.0,0.0,0.0,0.1637833333333333,0.8395357142857143,0.1659230769230769,0.9758333333333332,0.1694772727272727,0.83245,0.17375,0.96321875,0.1790357142857143,0.82175,0.9559375,300.5,0.5762866756756921,-0.0592897411929765,0.1833802362447044,21.0,300.5,0.8865575595238095,0.6182623214285714,3.1090021090021096e-05,0.0,0.6182312314074814,1.1021062065907796e-193,0.8171388888888889,resonant phase-memory,0.024973632032194753
3.875,0.136,2.640244100832376e-05,0.0,2.640244100832376e-05,0.5208929534354534,0.0,8.333333333333334e-05,0.4584821428571428,3.846153846153846e-05,0.7126874999999999,0.0001136363636363,0.42335,0.0001111111111111,0.61975,0.0005,0.3910416666666667,0.571875,0.0,0.0,0.0,0.0,0.0,0.0,0.0,0.0,0.0,0.0,0.0,0.1668833333333333,0.8435535714285715,0.1764230769230769,0.9300625,0.1845681818181818,0.83265,0.1903333333333333,0.90209375,0.1969285714285714,0.8225,0.8860714285714286,301.0,0.6786801297146003,-0.0353514250437099,0.1851920540125427,19.0,201.00251256281408,0.8661719642857143,0.5210622619047618,0.00016930846930845436,0.0,0.5208929534354534,3.5880070910118945e-58,0.6995055555555554,resonant phase-memory,0.021936090843599855
3.8883,0.103,3.4448381727235165e-06,0.0,3.4448381727235165e-06,0.1661411401098901,0.0,0.0007833333333333,0.2177678571428571,0.0018076923076923,0.1795416666666666,0.0025,0.152325,0.0069166666666666,0.15628125,0.0105357142857142,0.1473333333333333,0.1512946428571428,0.0,0.0,0.0,0.0,0.0,0.0,0.0,0.0,0.0,0.0,0.0,0.2846666666666666,0.7733392857142857,0.3102884615384615,0.7505625,0.3288863636363636,0.73175,0.3410277777777777,0.71971875,0.3531785714285714,0.7075,0.7027678571428572,201.49292149292148,0.8201269305375823,-0.0165081779148936,0.3862671047620287,10.0,201.49292149292148,0.7365741071428571,0.1706498214285714,0.00450868131868128,0.0,0.16614114010989012,0.0,0.0827666682413706,ordinary frame persistence,0.1228397690413437
3.8883,0.1083,1.381546920233304e-05,6.85248811451704e-06,6.962981087815999e-06,0.4039240044677544,0.0659406309523809,0.0007666666666666,0.4191607142857143,0.0013076923076923,0.4029166666666666,0.0009090909090909,0.407225,0.0007777777777777,0.40190625,0.0015357142857142,0.3937083333333333,0.3875446428571428,0.0,0.0,0.0,0.0,0.0,0.0,0.0,0.0,0.0,0.0,0.0,0.1743166666666666,0.8531428571428572,0.1809807692307692,0.8485416666666666,0.1837045454545454,0.8449,0.1904722222222222,0.83690625,0.19325,0.83375,0.8332589285714286,201.82652210175144,0.745807659455765,-0.0237362111428097,0.2186145729602863,13.0,102.375972651202,0.8434481547619048,0.4049833928571429,0.0010593883893883402,0.0,0.40392400446775456,0.4760361107843023,0.346155090941988,smooth even-lag motif memory,0.006068781339210575
3.8883,0.1137,2.515458240760179e-05,1.244002251479825e-05,1.271455989280354e-05,0.5384633544233545,0.0970366428571428,0.0005,0.5863928571428572,0.0012692307692307,0.5595416666666666,0.0015227272727272,0.538575,0.0012222222222222,0.521875,0.0019285714285714,0.492375,0.4860714285714286,0.0,0.0,0.0,0.0,0.0,0.0,0.0,0.0,0.0,0.0,0.0,0.1399,0.8851607142857143,0.1570192307692307,0.8680208333333334,0.1690227272727272,0.857775,0.1752777777777777,0.8471875,0.1882857142857142,0.8277083333333333,0.82,240.0,0.7316251991657602,-0.0526367086663997,0.1412295516782498,15.0,121.03896804835924,0.8571704761904761,0.5397519047619047,0.0012885503385503,0.0,0.5384633544233544,0.6709392084392392,0.4972357142857143,smooth even-lag motif memory,0.00497931536568794
3.8883,0.119,1.276926621933525e-05,3.994414749936636e-06,8.774851469398614e-06,0.3898901411088911,0.0504156785714285,0.0009666666666666,0.4441785714285714,0.0009230769230769,0.4226458333333333,0.0010681818181818,0.39355,0.0011666666666666,0.36146875,0.0016428571428571,0.333375,0.33125,0.0,0.0,0.0,0.0,0.0,0.0,0.0,0.0,0.0,0.0,0.0,0.1883166666666666,0.8445178571428571,0.2072692307692307,0.8330208333333333,0.2156363636363636,0.814125,0.2356111111111111,0.7953125000000001,0.2470714285714285,0.7787083333333333,0.7772321428571429,400.0,0.7890112438354178,-0.0270034965564228,0.1998366397905784,14.0,101.50251256281408,0.8131369047619048,0.3910436309523809,0.0011534898434897999,0.0,0.38989014110889114,0.3125988420763407,0.38412691741654065,resonant phase-memory,0.010511660285048985
3.905,0.103,3.6422402789289995e-07,0.0,3.6422402789289995e-07,0.1972443059718059,0.0,0.0010833333333333,0.2503035714285714,0.0024230769230769,0.206375,0.002590909090909,0.1906749999999999,0.0056388888888888,0.1823125,0.0072499999999999,0.1755416666666666,0.1725892857142857,0.0,0.0,0.0,0.0,0.0,0.0,0.0,0.0,0.0,0.0,0.0,0.28305,0.7843928571428571,0.2990384615384615,0.7641458333333333,0.3143181818181818,0.7499750000000001,0.3290277777777777,0.7344062499999999,0.3378214285714285,0.7190416666666667,0.7183035714285715,36.17250673854448,0.814207510895157,-0.0033593184532293,0.4182414755925981,13.0,3.791554357592093,0.7503923214285715,0.20104154761904755,0.0037972416472415796,0.0,0.19724430597180598,0.0,0.11181136640358609,ordinary frame persistence,0.12047634175636411
3.905,0.1083,1.584956936150672e-06,0.0,1.584956936150672e-06,0.1991908533133533,0.0,0.0011333333333333,0.2325714285714285,0.0018076923076923,0.2116041666666666,0.0031136363636363,0.200125,0.004,0.1935,0.0077499999999999,0.1759583333333333,0.1844196428571428,0.0,0.0,0.0,0.0,0.0,0.0,0.0,0.0,0.0,0.0,0.0,0.2621666666666666,0.7772857142857142,0.2836538461538461,0.7578333333333334,0.297,0.74485,0.32125,0.72246875,0.3401071428571428,0.70225,0.7063392857142857,102.76078831124704,0.7248878864046786,-0.0363162862501387,0.3681204431974788,21.0,102.76078831124704,0.7409375595238096,0.20275178571428568,0.0035609324009323604,0.0,0.19919085331335332,0.0,0.10422264235638695,ordinary frame persistence,0.1186699149580697
3.905,0.1137,4.0076223003520456e-05,1.8745346333141206e-05,2.133087667037925e-05,0.3625099443611944,0.0597877619047619,0.0009333333333333,0.3977857142857143,0.0008653846153846,0.3727708333333333,0.0011818181818181,0.350375,0.0026111111111111,0.34203125,0.0035714285714285,0.35875,0.3408482142857142,0.0,0.0,0.0,0.0,0.0,0.0,0.0,0.0,0.0,0.0,0.0,0.18425,0.8397678571428572,0.2046923076923076,0.8197916666666667,0.2228409090909091,0.8006,0.2355277777777777,0.79653125,0.2378928571428571,0.79425,0.7882589285714285,250.0,0.8147598085638164,-0.0306963150975247,0.189581454275152,14.0,250.5586592178771,0.8101881547619048,0.3643425595238095,0.0018326151626151198,0.0,0.3625099443611944,0.3069594164151076,0.32085133518636616,resonant phase-memory,0.00851973880776216
3.905,0.119,5.0777637207585496e-05,2.5388818603792748e-05,2.5388818603792748e-05,0.4977970768120768,0.1001779523809523,0.0011666666666666,0.5528571428571429,0.0020384615384615,0.5087916666666666,0.0021590909090909,0.493925,0.0047777777777777,0.48325,0.0053214285714285,0.465625,0.4537053571428571,0.0,0.0,0.0,0.0,0.0,0.0,0.0,0.0,0.0,0.0,0.0,0.1545333333333333,0.8691785714285714,0.1789615384615384,0.8443541666666667,0.1931136363636363,0.8291,0.2063055555555555,0.8203750000000001,0.21225,0.8096666666666666,0.8041071428571429,350.0,0.7562217008471728,-0.0572998412145202,0.1401358401658106,13.0,300.561797752809,0.8345348809523809,0.500889761904762,0.00309268509268504,0.0,0.4977970768120769,0.5972984740096211,0.47929761904761914,smooth even-lag motif memory,0.004048308007197932
