n,horizon,motif_size,runs,parity_coupled,parity_null,parity_difference,parity_pooled_sd,parity_effect_size,score_coupled,score_null,score_difference,score_pooled_sd,score_effect_size
20,360,4,3,0.9,0.0006438507892664334,0.8993561492107336,0.061238716341147456,14.686071213521489,0.0,0.0,0.0,0.0,
20,360,6,3,0.87,0.0,0.87,0.08031189202104508,10.832766830745609,0.0,0.0,0.0,0.0,
20,720,4,3,0.9,0.0013014264538140333,0.898698573546186,0.06125798369373604,14.670717502542983,0.0,0.0,0.0,0.0,
20,720,6,3,0.87,4.292754004706667e-05,0.8699570724599529,0.0803119092299551,10.832229999277272,0.0,0.0,0.0,0.0,
30,360,4,3,0.7934944509648094,0.0009118206574804667,0.7925826303073289,0.05634612065939136,14.066321177609359,0.0,0.0,0.0,0.0,
30,360,6,3,0.7205921242374752,0.0006973743906504333,0.7198947498468248,0.06914199721002848,10.411830419940632,0.0,0.0,0.0,0.0,
30,720,4,3,0.8351967162989351,0.0023556319091399664,0.8328410843897951,0.040499911565118715,20.564022295473222,0.0,0.0,0.0,0.0,
30,720,6,3,0.7742326055275344,0.0005159764571476666,0.7737166290703867,0.053462175512085354,14.472224926490034,0.0,0.0,0.0,0.0,
40,360,4,3,0.8213535306489298,0.0011001689082029667,0.8202533617407268,0.04460707821928777,18.388412657479442,0.0011282769843378667,0.0,0.0011282769843378667,0.0013818514500769704,0.8164965809277261
40,360,6,3,0.7558904124549285,0.00014605422830086666,0.7557443582266277,0.061075030749291936,12.374031563387945,0.0010145661065835334,0.0,0.0010145661065835334,0.0012425846357259148,0.816496580927726
40,720,4,3,0.8327351722447064,0.0024323980264934,0.830302774218213,0.030869170856575312,26.89747573966191,0.02160752048726383,0.0,0.02160752048726383,0.026463699900265068,0.816496580927726
40,720,6,3,0.7720713941628999,0.0008090922928013668,0.7712623018700986,0.041705594211517386,18.493017938037372,0.02160752048726383,0.0,0.02160752048726383,0.026463699900265068,0.816496580927726
60,360,4,3,0.7772851385171444,0.00010508239794393333,0.7771800561192005,0.0006181775854413403,1257.2116401864398,0.003040311669836534,0.0,0.003040311669836534,0.0018817751012765052,1.6156615462571131
60,360,6,3,0.7068929095844418,0.00013812693971256666,0.7067547826447292,0.002507307971289407,281.8779307279408,0.003040311669836534,0.0,0.003040311669836534,0.0018817751012765052,1.6156615462571131
60,720,4,3,0.7934544893058743,0.0020673685102221002,0.7913871207956522,0.009938391838379078,79.62929351804719,0.0269778266945893,0.0,0.0269778266945893,0.027748022242397422,0.9722432272440914
60,720,6,3,0.7298334622905257,0.0004415030341245333,0.7293919592564012,0.013931144844517681,52.3569288380085,0.0269778266945893,0.0,0.0269778266945893,0.027748022242397422,0.9722432272440914
80,360,4,3,0.7325861419347749,0.0,0.7325861419347749,0.023111270188994257,31.69822064923274,0.047068379073276066,0.0,0.047068379073276066,0.02390577937860905,1.9689121332472836
80,360,6,3,0.6554787406024836,1.033482278853711e-05,0.655468405779695,0.02897527750739723,22.62164376552934,0.03994322586610513,0.0,0.03994322586610513,0.020203102707646067,1.977083740260758
80,720,4,3,0.7875935327831577,0.0017100420531939002,0.7858834907299638,0.020660919203006636,38.03719878133978,0.0008764148139367667,0.0,0.0008764148139367667,0.0010733845485806687,0.8164965809277261
80,720,6,3,0.7259312877162186,0.00027343564445190003,0.7256578520717667,0.026329248501403182,27.560902546576433,0.0008528378459513,0.0,0.0008528378459513,0.0010445087779575048,0.8164965809277259
120,360,4,3,0.7314086772847558,0.0008848275044151333,0.7305238497803407,0.023724398172461178,30.792091941380356,0.03138104872875197,0.0,0.03138104872875197,0.025883868237482274,1.212378630614
120,360,6,3,0.6547404020710472,0.0005534542451169334,0.6541869478259303,0.030886318264677297,21.180476812417037,0.028049182334814404,0.0,0.028049182334814404,0.0239578714385914,1.1707710514562955
120,720,4,3,0.7634656558112538,0.0016393229973776667,0.7618263328138761,0.01680617645176835,45.33014008273825,0.005342018103912267,0.0,0.005342018103912267,0.0019294424005048701,2.7686849332814707
120,720,6,3,0.6963631530585266,0.00027567606836636664,0.6960874769901603,0.022614875007472654,30.780071822645557,0.0051848514428486,0.0,0.0051848514428486,0.0019446234579686653,2.666249561889295
160,360,4,3,0.7347022154305316,0.0012531638445517,0.73344905158598,0.02125244254340839,34.51128264847208,0.0050421375966011,0.0,0.0050421375966011,0.0016255044581409562,3.1018909676616024
160,360,6,3,0.6593048753328813,0.0006738754435414001,0.6586309998893399,0.026352591294655225,24.993026018770383,0.004602436944602133,0.0,0.004602436944602133,0.0016702783414798913,2.755491004286331
160,720,4,3,0.7494826422276616,0.0014748206254772333,0.7480078216021844,0.02599768460069916,28.77209386493088,0.006543326621567866,0.0,0.006543326621567866,0.0009179803015898214,7.127959728804293
160,720,6,3,0.6791949911580848,0.00022638031202091807,0.6789686108460639,0.03268052219436476,20.77594130252733,0.005948542788856634,0.0,0.005948542788856634,0.0004910118344498243,12.114866427856956
240,360,4,3,0.7493953155713383,0.0014273247179691,0.7479679908533692,0.001542448514667766,484.92250064792404,0.017601676158994134,0.0,0.017601676158994134,0.011591380098136985,1.5185142761234403
240,360,6,3,0.672457909539906,0.0007086700671873001,0.6717492394727187,0.004202846416967056,159.831974054736,0.0164545736994836,0.0,0.0164545736994836,0.010840723295985451,1.5178483252659973
240,720,4,3,0.7738755005981557,0.0015735103655645335,0.7723019902325912,0.000858846005782358,899.2322081408175,0.0069033343361413,0.0,0.0069033343361413,0.0011887148320282779,5.80739311914052
240,720,6,3,0.7053673466637216,0.0005389411263412333,0.7048284055373804,0.0027570861214283675,255.6425060716743,0.0069033343361413,0.0,0.0069033343361413,0.0011887148320282779,5.80739311914052
