r,epsilon,n,horizon,seed,motif_size,frame_even,frame_odd,motif_even,motif_odd,comp_even,parity,wall_spectral_entropy,max_cluster_lifetime,atlas_score
3.8625,0,20,360,101,4,0.5183695806881291,0.5190922880561362,0.07058860091521382,0.07544007121560563,0.05415436512412318,0.0,0.9260925740054637,3,0.0
3.8625,0,20,360,101,6,0.5183695806881291,0.5190922880561362,0.017502789549160517,0.021370760642141697,0.011510204177542888,0.0,0.9260925740054637,3,0.0
3.8625,0,20,360,707,4,0.5243597598637921,0.5166284496125548,0.0760013165597843,0.07481226847010472,0.05230905452074808,0.0011890480896795813,0.9173234558754918,4,0.0
3.8625,0,20,360,707,6,0.5243597598637921,0.5166284496125548,0.02062354580902968,0.021831127980782843,0.012531986830373926,0.0,0.9173234558754918,4,0.0
3.8625,0,20,360,1313,4,0.5159503413253413,0.5161047235666414,0.07198708415240673,0.07124457987428688,0.055134146767211276,0.0007425042781198515,0.9171489677488175,5,0.0
3.8625,0,20,360,1313,6,0.5159503413253413,0.5161047235666414,0.018601563087450184,0.01901544943850772,0.012298679143437208,0.0,0.9171489677488175,5,0.0
3.8625,0,20,720,101,4,0.5248893087773462,0.5171255888553901,0.07523897970184258,0.07133470034040046,0.05137608911157108,0.003904279361442123,0.9289846537285835,9,0.0
3.8625,0,20,720,101,6,0.5248893087773462,0.5171255888553901,0.020390444344208065,0.020261661724066855,0.011025940632284658,0.0001287826201412101,0.9289846537285835,9,0.0
3.8625,0,20,720,707,4,0.5232772752157341,0.523655191014036,0.07393674844401474,0.07713780015351349,0.05147868972792804,0.0,0.913747328043145,6,0.0
3.8625,0,20,720,707,6,0.5232772752157341,0.523655191014036,0.01864119936926285,0.021780439918710738,0.011608990820422105,0.0,0.913747328043145,6,0.0
3.8625,0,20,720,1313,4,0.5176607288741977,0.5189064009115663,0.07062127340713839,0.07173931751527249,0.05378584649768754,0.0,0.9233423589608772,6,0.0
3.8625,0,20,720,1313,6,0.5176607288741977,0.5189064009115663,0.01823519328200403,0.019212125662536352,0.012084416954875063,0.0,0.9233423589608772,6,0.0
3.8625,0,30,360,101,4,0.5185574322630775,0.5152109973511366,0.07297590715735877,0.07327186017280896,0.052514936676226996,0.0,0.9316271380584991,7,0.0
3.8625,0,30,360,101,6,0.5185574322630775,0.5152109973511366,0.019029278964762836,0.020787959894175735,0.011752595970337907,0.0,0.9316271380584991,7,0.0
3.8625,0,30,360,707,4,0.5256713497076401,0.5206338526411175,0.07476773495321883,0.07601630382478661,0.05144023628701048,0.0,0.9304289430357517,8,0.0
3.8625,0,30,360,707,6,0.5256713497076401,0.5206338526411175,0.020346441193215388,0.021309013759905994,0.011886183708764356,0.0,0.9304289430357517,8,0.0
3.8625,0,30,360,1313,4,0.5196226971952779,0.5192621342685579,0.07553848884090819,0.07280302686846675,0.053124180926600276,0.0027354619724414414,0.9074947660924332,7,0.0
3.8625,0,30,360,1313,6,0.5196226971952779,0.5192621342685579,0.02144758914920205,0.01935546597725067,0.01147457828909442,0.002092123171951378,0.9074947660924332,7,0.0
3.8625,0,30,720,101,4,0.5250975842502288,0.514824502255299,0.0761347932555754,0.07057103404986119,0.05016849441845519,0.005563759205714211,0.9259129886216452,7,0.0
3.8625,0,30,720,101,6,0.5250975842502288,0.514824502255299,0.02098821010352766,0.019640583866968493,0.011096971562724023,0.0013476262365591657,0.9259129886216452,7,0.0
3.8625,0,30,720,707,4,0.5251384010924955,0.5222399235117086,0.07602203552735481,0.07551053389184177,0.051828847112455625,0.0005115016355130425,0.9249499052671141,8,0.0
3.8625,0,30,720,707,6,0.5251384010924955,0.5222399235117086,0.02031966202321817,0.020902278684076347,0.011466418722633405,0.0,0.9249499052671141,8,0.0
3.8625,0,30,720,1313,4,0.5200831739986386,0.5200559538319028,0.07354438481642418,0.07255274993023139,0.05344763427648662,0.000991634886192791,0.921979757931601,7,0.0
3.8625,0,30,720,1313,6,0.5200831739986386,0.5200559538319028,0.01967990986624088,0.019479606731356895,0.012222225756669817,0.00020030313488398482,0.921979757931601,7,0.0
3.8625,0,40,360,101,4,0.5204497182924602,0.5130977109381949,0.07366358406378568,0.07036307733917668,0.0522718591891979,0.0033005067246089925,0.9136395006210384,6,0.0
3.8625,0,40,360,101,6,0.5204497182924602,0.5130977109381949,0.019479798427379076,0.019041635742476443,0.011567870637427091,0.0004381626849026335,0.9136395006210384,6,0.0
3.8625,0,40,360,707,4,0.5277446894503346,0.521740183816716,0.07655475169991299,0.07770723159187333,0.04912181367020078,0.0,0.9269003534062563,12,0.0
3.8625,0,40,360,707,6,0.5277446894503346,0.521740183816716,0.021814812539610928,0.022174990102669732,0.011602129053741958,0.0,0.9269003534062563,12,0.0
3.8625,0,40,360,1313,4,0.5189685600018261,0.5248119698478708,0.07339186418420289,0.07591552761834053,0.05276881116195632,0.0,0.8974407623208037,8,0.0
3.8625,0,40,360,1313,6,0.5189685600018261,0.5248119698478708,0.019838228975325754,0.020939432772345477,0.01157682169980557,0.0,0.8974407623208037,8,0.0
3.8625,0,40,720,101,4,0.5254428627330643,0.514826570815283,0.07610562618932491,0.07016925350994473,0.0505026111578354,0.005936372679380186,0.9209822665365472,6,0.0
3.8625,0,40,720,101,6,0.5254428627330643,0.514826570815283,0.02068569748616032,0.01888643357578151,0.011291601258073488,0.0017992639103788094,0.9209822665365472,6,0.0
3.8625,0,40,720,707,4,0.5247295827467797,0.5218521971464182,0.07516400502544533,0.07603117914308219,0.050803221740684835,0.0,0.9256417426865976,12,0.0
3.8625,0,40,720,707,6,0.5247295827467797,0.5218521971464182,0.019988005867063195,0.02111895068415128,0.011301190500679478,0.0,0.9256417426865976,12,0.0
3.8625,0,40,720,1313,4,0.5219197789344039,0.5208308282921982,0.07416141582427117,0.07280059442417107,0.05207966085104419,0.001360821400100104,0.9245099557562073,5,0.0
3.8625,0,40,720,1313,6,0.5219197789344039,0.5208308282921982,0.020141737437067535,0.01951372446904221,0.011886492122718584,0.0006280129680253238,0.9245099557562073,5,0.0
3.8625,0,60,360,101,4,0.5181505409912668,0.5143680139388496,0.07174588180636568,0.07175472654159845,0.05341130151210797,0.0,0.8881594955825832,9,0.0
3.8625,0,60,360,101,6,0.5181505409912668,0.5143680139388496,0.019320911167685362,0.018906530348547588,0.012432335809351939,0.0004143808191377739,0.8881594955825832,9,0.0
3.8625,0,60,360,707,4,0.5261210295081262,0.5234161714543901,0.07564454743285388,0.07615265979935354,0.050696737626173105,0.0,0.9153054139691068,5,0.0
3.8625,0,60,360,707,6,0.5261210295081262,0.5234161714543901,0.020608771604739347,0.02141540378215903,0.011335076437899019,0.0,0.9153054139691068,5,0.0
3.8625,0,60,360,1313,4,0.5217254582335228,0.5238546433760843,0.07474997851610755,0.0744347313222757,0.051977775137049334,0.00031524719383185795,0.9144763853811936,6,0.0
3.8625,0,60,360,1313,6,0.5217254582335228,0.5238546433760843,0.020045740102191716,0.020062805095881594,0.01131022069328521,0.0,0.9144763853811936,6,0.0
3.8625,0,60,720,101,4,0.5224247817053509,0.516466983704949,0.07403654219632519,0.0715398472302754,0.051753501167568126,0.0024966949660497895,0.9136274347217677,9,0.0
3.8625,0,60,720,101,6,0.5224247817053509,0.516466983704949,0.020176076771648652,0.01922392437016539,0.011942237131231832,0.0009521524014832611,0.9136274347217677,9,0.0
3.8625,0,60,720,707,4,0.5247771004817692,0.5221461065319067,0.07603604745084833,0.07516363950381218,0.050791578804884566,0.0008724079470361495,0.9190081544512887,8,0.0
3.8625,0,60,720,707,6,0.5247771004817692,0.5221461065319067,0.020606124711753014,0.020982982672577997,0.010909227557675929,0.0,0.9190081544512887,8,0.0
3.8625,0,60,720,1313,4,0.523945834232325,0.5202406485223534,0.07529715944188484,0.07246415682430427,0.05179374544314892,0.002833002617580571,0.9238736311282975,11,0.0
3.8625,0,60,720,1313,6,0.523945834232325,0.5202406485223534,0.020120248980681675,0.01974789227979127,0.011862074750368578,0.0003723567008904055,0.9238736311282975,11,0.0
3.8625,0,80,360,101,4,0.5180133953747865,0.5163179259886986,0.07081781038182247,0.07109124118854024,0.05347266762135713,0.0,0.8879570101684832,9,0.0
3.8625,0,80,360,101,6,0.5180133953747865,0.5163179259886986,0.018644604555390847,0.018613600087025235,0.01254749601876618,3.1004468365611326e-05,0.8879570101684832,9,0.0
3.8625,0,80,360,707,4,0.5247790460547517,0.5232653517199907,0.07476757936284147,0.07574105523182925,0.05042500258478081,0.0,0.9262891585090666,5,0.0
3.8625,0,80,360,707,6,0.5247790460547517,0.5232653517199907,0.020439529556465042,0.020996178717869816,0.011346187246892892,0.0,0.9262891585090666,5,0.0
3.8625,0,80,360,1313,4,0.5216632720438164,0.5219037820558604,0.07401202174841288,0.07410619757997372,0.0519589729826625,0.0,0.9100332244442532,7,0.0
3.8625,0,80,360,1313,6,0.5216632720438164,0.5219037820558604,0.019361855382520703,0.01996439987646887,0.011522976183762473,0.0,0.9100332244442532,7,0.0
3.8625,0,80,720,101,4,0.5217658457790588,0.517239622795602,0.07344478729853354,0.07181682844358914,0.05187509796168499,0.0016279588549444057,0.9126415396426502,9,0.0
3.8625,0,80,720,101,6,0.5217658457790588,0.517239622795602,0.019643684561425075,0.019250920575531214,0.01199790787458427,0.00039276398589386044,0.9126415396426502,9,0.0
3.8625,0,80,720,707,4,0.5243684664805939,0.5212223365368379,0.07541867809798261,0.07466807534605158,0.05019549833509547,0.0007506027519310343,0.9172567469196841,6,0.0
3.8625,0,80,720,707,6,0.5243684664805939,0.5212223365368379,0.020474227430525675,0.020594974885976298,0.010814498541756966,0.0,0.9172567469196841,6,0.0
3.8625,0,80,720,1313,4,0.5236684207224004,0.518955561124607,0.07516620560529334,0.072414641052587,0.052548190553896645,0.002751564552706337,0.9265504672954904,8,0.0
3.8625,0,80,720,1313,6,0.5236684207224004,0.518955561124607,0.020002995000226655,0.01957545205276475,0.012362487784209505,0.0004275429474619036,0.9265504672954904,8,0.0
3.8625,0,120,360,101,4,0.5204166808773664,0.5180716012709516,0.07320217864572702,0.07223516068981908,0.0527259162208759,0.0009670179559079367,0.9052659649622762,5,0.0
3.8625,0,120,360,101,6,0.5204166808773664,0.5180716012709516,0.01975086025086025,0.018904616298648376,0.012115730931255123,0.0008462439522118753,0.9052659649622762,5,0.0
3.8625,0,120,360,707,4,0.5253234626037045,0.5204615295600682,0.07508805598523341,0.07368041641168728,0.05018026753712237,0.0014076395735461295,0.9126870241672913,5,0.0
3.8625,0,120,360,707,6,0.5253234626037045,0.5204615295600682,0.020779051145986632,0.019964932362847604,0.011224766496943915,0.0008141187831390284,0.9126870241672913,5,0.0
3.8625,0,120,360,1313,4,0.5212643425123263,0.5202263341935529,0.0727485319340158,0.07246870695022434,0.051736479022769344,0.0002798249837914629,0.9177006251070666,7,0.0
3.8625,0,120,360,1313,6,0.5212643425123263,0.5202263341935529,0.018942437155138766,0.01949718130268904,0.011405674410714734,0.0,0.9177006251070666,7,0.0
3.8625,0,120,720,101,4,0.5218011093109161,0.5181907913590752,0.07395902245614736,0.07221519856592067,0.052239565242762145,0.0017438238902266895,0.9283291697421729,6,0.0
3.8625,0,120,720,101,6,0.5218011093109161,0.5181907913590752,0.019742458958830904,0.01955625211744464,0.012107943397591294,0.000186206841386264,0.9283291697421729,6,0.0
3.8625,0,120,720,707,4,0.5250740032211489,0.5213021156481724,0.0758638874479218,0.07450310318789173,0.050474497812598586,0.0013607842600300707,0.917360748736044,6,0.0
3.8625,0,120,720,707,6,0.5250740032211489,0.5213021156481724,0.02083883583173849,0.020441077200042602,0.011088809768643584,0.0003977586316958881,0.917360748736044,6,0.0
3.8625,0,120,720,1313,4,0.5220325425345539,0.5180292940781865,0.07381428476441527,0.0720009239225388,0.05244260779778307,0.0018133608418764713,0.922087296365026,7,0.0
3.8625,0,120,720,1313,6,0.5220325425345539,0.5180292940781865,0.019608128905976446,0.019365066173959253,0.012178091031213888,0.00024306273201719214,0.922087296365026,7,0.0
3.8625,0,160,360,101,4,0.52277811612111,0.5178250523425433,0.07487574849545617,0.07226313383631497,0.052463967148442946,0.002612614659141199,0.9075621916069814,5,0.0
3.8625,0,160,360,101,6,0.52277811612111,0.5178250523425433,0.020512492212088985,0.018975415546916945,0.01215567841097075,0.0015370766651720408,0.9075621916069814,5,0.0
3.8625,0,160,360,707,4,0.5243301085675077,0.5193086043289533,0.07422745215134327,0.07338776609840106,0.0504015768337845,0.0008396860529422123,0.9187417985378992,5,0.0
3.8625,0,160,360,707,6,0.5243301085675077,0.5193086043289533,0.02036661784116421,0.01988206817571194,0.011146135534492391,0.00048454966545227046,0.9187417985378992,5,0.0
3.8625,0,160,360,1313,4,0.519801562097177,0.5196602723421722,0.07319317090839268,0.07288598008682079,0.052685874609261704,0.0003071908215718927,0.9182259481489654,10,0.0
3.8625,0,160,360,1313,6,0.519801562097177,0.5196602723421722,0.01942727291189993,0.01998259395763198,0.011887009579801919,0.0,0.9182259481489654,10,0.0
3.8625,0,160,720,101,4,0.5224736742400835,0.5182524932584076,0.07460599458161235,0.07242825308920252,0.052293548683544536,0.002177741492409832,0.9228264808655177,7,0.0
3.8625,0,160,720,101,6,0.5224736742400835,0.5182524932584076,0.02023429631541165,0.019619174726619875,0.012163040304425703,0.0006151215887917755,0.9228264808655177,7,0.0
3.8625,0,160,720,707,4,0.5243193023087886,0.5202664896555932,0.07524233231820843,0.07416272788959796,0.05102640123917963,0.0010796044286104645,0.917331127148104,7,0.0
3.8625,0,160,720,707,6,0.5243193023087886,0.5202664896555932,0.02061195494938604,0.020564722467745194,0.011342187652479217,4.723248164084648e-05,0.917331127148104,7,0.0
3.8625,0,160,720,1313,4,0.5209014742879341,0.5188146380376386,0.07376197609118318,0.07259486013577163,0.053025988594870996,0.0011671159554115518,0.9217105795691183,10,0.0
3.8625,0,160,720,1313,6,0.5209014742879341,0.5188146380376386,0.01966280048112564,0.019646013615495433,0.012407941173988291,1.6786865630207676e-05,0.9217105795691183,10,0.0
3.8625,0,240,360,101,4,0.5238216317732447,0.5184249694949081,0.07509515098476792,0.07257392172079932,0.051844339128613325,0.002521229263968597,0.9167920485661052,14,0.0
3.8625,0,240,360,101,6,0.5238216317732447,0.5184249694949081,0.020764226868561546,0.01931962826704404,0.011958503470096212,0.0014445986015175043,0.9167920485661052,14,0.0
3.8625,0,240,360,707,4,0.5225931470523204,0.5194176562728205,0.07355842757153241,0.07338263587695042,0.05103012892125795,0.00017579169458199762,0.9168428323987141,6,0.0
3.8625,0,240,360,707,6,0.5225931470523204,0.5194176562728205,0.01986021863441218,0.019618025771477438,0.011637241119095958,0.0002421928629347432,0.9168428323987141,6,0.0
3.8625,0,240,360,1313,4,0.5197899515918669,0.5176644679421724,0.0730966434998693,0.07151169030451231,0.05287327977801768,0.0015849531953569945,0.9201277345656937,8,0.0
3.8625,0,240,360,1313,6,0.5197899515918669,0.5176644679421724,0.01965110539102475,0.019211886653915034,0.012051838338632694,0.0004392187371097152,0.9201277345656937,8,0.0
3.8625,0,240,720,101,4,0.5227606602775744,0.5178047276243486,0.07461843200388935,0.07208110874842552,0.05184604923117079,0.0025373232554638248,0.9258694427038364,14,0.0
3.8625,0,240,720,101,6,0.5227606602775744,0.5178047276243486,0.02055232945798435,0.019510794791186364,0.01186883863730419,0.001041534666797985,0.9258694427038364,14,0.0
3.8625,0,240,720,707,4,0.5233675166122033,0.5200872798166006,0.0750250951712225,0.07394160563505063,0.05177669804637487,0.0010834895361718638,0.908667131014101,12,0.0
3.8625,0,240,720,707,6,0.5233675166122033,0.5200872798166006,0.020469876809225317,0.020201726470451674,0.011758921289612374,0.0002681503387736428,0.908667131014101,12,0.0
3.8625,0,240,720,1313,4,0.5211617363383589,0.5193812094098205,0.07378943361206532,0.0726897153070073,0.052912244844334246,0.00109971830505802,0.9293029972435071,8,0.0
3.8625,0,240,720,1313,6,0.5211617363383589,0.5193812094098205,0.01985803991923082,0.019550901545778605,0.012348559652929598,0.00030713837345221554,0.9293029972435071,8,0.0
