r,epsilon,n,horizon,seed,motif_size,frame_even,motif_even,motif_odd,comp_even,parity,wall_entropy,max_cluster_lifetime,atlas_score,motif_entropy
3.84,0.1,320,1440,17,4,0.8921904724905859,0.6503836320098618,0.001958515030859874,0.0006362946951320127,0.648425116979002,0.7457729128919544,13,0.03717504382755696,0.6277621110718523
3.84,0.1,320,1440,17,6,0.8921904724905859,0.5289544155432852,9.99555588322479e-05,5.789329537203037e-06,0.5288544599844529,0.7457729128919544,13,0.018324551026269797,0.5814579305123528
3.84,0.1,320,1440,42,4,0.8918296638904734,0.6503232553790096,0.0019701446877070043,0.0006960280918481974,0.6483531106913026,0.7290660076206751,18,0.051078101263231965,0.6246455076148483
3.84,0.1,320,1440,42,6,0.8918296638904734,0.5284447699432786,0.00013425990095105843,4.066850122326638e-05,0.5283105100423275,0.7290660076206751,18,0.025092747505890953,0.5777938840617033
3.84,0.1,320,1440,73,4,0.8821564437291322,0.6229210648763871,0.0021780079544394195,0.000831689394601395,0.6207430569219476,0.876697636760097,7,0.01913672969581705,0.6598116141991401
3.84,0.1,320,1440,73,6,0.8821564437291322,0.4959848465015074,0.0001428025040622427,7.26325710786664e-05,0.4958420439974452,0.876697636760097,7,0.008475001376055492,0.6194714544094504
3.84,0.1,320,1440,101,4,0.906813564275142,0.6932439129874829,0.0014850609205466928,0.0005375973412536652,0.6917588520669362,0.702402658727946,25,0.07464492333793163,0.5839560930548373
3.84,0.1,320,1440,101,6,0.906813564275142,0.5820037490686982,6.448878587671757e-05,1.6526856743274554e-05,0.5819392602828215,0.702402658727946,25,0.04630074022938511,0.5323788254568323
3.84,0.1,320,1440,137,4,0.9062696862012997,0.687109635115893,0.0012809738615300775,0.0003782888188040037,0.6858286612543629,0.8718549844826122,12,0.038475014562349696,0.5910553878636233
3.84,0.1,320,1440,137,6,0.9062696862012997,0.5737455737096793,3.7365983640187964e-05,4.446266797635067e-06,0.573708207726039,0.8718549844826122,12,0.023054667633568934,0.5445937726315132
3.84,0.1,320,1440,173,4,0.8851772244492517,0.6320709129447322,0.0022634021274990706,0.0008600891504574853,0.6298075108172331,0.7777467910087864,27,0.06766661293602703,0.643315764047651
3.84,0.1,320,1440,173,6,0.8851772244492517,0.5085731573175579,0.0001353462703162248,2.0634211251015412e-05,0.5084378110472417,0.7777467910087864,27,0.03152558331978758,0.60124824758119
3.84,0.132,320,1440,17,4,0.8904544952753322,0.672101682031953,0.0016620169893038542,9.704501685122774e-07,0.6704396650426491,0.6622188773227601,9,0.026324849619219753,0.7763823439065887
3.84,0.132,320,1440,17,6,0.8904544952753322,0.5621353675592239,6.854980373541459e-05,0.0,0.5620668177554885,0.6622188773227601,9,0.015240560388363826,0.760406171597195
3.84,0.132,320,1440,42,4,0.884327707692931,0.6482860882630386,0.0019938752826174134,4.527537388095286e-06,0.6462922129804212,0.7243697908275518,10,0.028690027676225877,0.8080770349498189
3.84,0.132,320,1440,42,6,0.884327707692931,0.5339783840739473,9.918350304421962e-05,0.0,0.5338792005709031,0.7243697908275518,10,0.014801729546181154,0.8122375142360171
3.84,0.132,320,1440,73,4,0.8878193517396797,0.6652930780392646,0.0019915440805071917,0.0,0.6633015339587575,0.682348752844147,11,0.03221973429726612,0.8152418290109833
3.84,0.132,320,1440,73,6,0.8878193517396797,0.5599064422553289,9.934690486888759e-05,0.0,0.55980709535046,0.682348752844147,11,0.01871547489622312,0.8095830078403827
3.84,0.132,320,1440,101,4,0.9072590896938195,0.7135359846902473,0.0018138395835059448,0.0,0.7117221451067414,0.3564090067202497,3,0.007456142615480572,0.7761944030174764
3.84,0.132,320,1440,101,6,0.9072590896938195,0.62183205568415,4.594906983962812e-05,0.0,0.6217861066143103,0.3564090067202497,3,0.005687972121170425,0.7653527283793299
3.84,0.132,320,1440,137,4,0.9074262856533364,0.7313515735351401,0.0014541291759204277,0.0,0.7298974443592197,0.37184977289233007,5,0.012541457068433834,0.7961227745186178
3.84,0.132,320,1440,137,6,0.9074262856533364,0.6415553650214724,8.036498299208869e-05,0.0,0.6414750000384802,0.37184977289233007,5,0.010591735263874781,0.7678771197673284
3.84,0.132,320,1440,173,4,0.899716684127607,0.7010250000165428,0.0013502637499107598,0.00012206021903560094,0.699674736266632,0.6150439987167253,15,0.044479868195184326,0.7508143363388353
3.84,0.132,320,1440,173,6,0.899716684127607,0.6026251496495434,7.860846499258376e-05,4.4964028776978415e-07,0.6025465411845508,0.6150439987167253,15,0.030564409230483137,0.7125084970954262
3.84,0.164,320,1440,17,4,0.8727392783473679,0.6774621636360757,0.26794212899304065,0.0,0.40952003464303505,0.1192415240303906,3,0.0031130776986564167,0.6336490670543822
3.84,0.164,320,1440,17,6,0.8727392783473679,0.5782976143482446,0.15352382721017252,0.0,0.424773787138072,0.1192415240303906,3,0.0025064789041662244,0.6396101297208083
3.84,0.164,320,1440,42,4,0.8904468930726122,0.7279311448316641,0.36600821932063576,0.00023464878515624295,0.36192292551102834,0.6026238782940068,7,0.0076422623789233046,0.5076736079016861
3.84,0.164,320,1440,42,6,0.8904468930726122,0.6406634888997849,0.2354065465183562,1.4011555351138606e-05,0.4052569423814286,0.6026238782940068,7,0.008318870172732407,0.48016984629781695
3.84,0.164,320,1440,73,4,0.8856619886929746,0.714509334009458,0.325125939217133,5.067545626474266e-06,0.38938339479232503,0.21210264643375623,5,0.005094028289115902,0.5331801305514741
3.84,0.164,320,1440,73,6,0.8856619886929746,0.6218639548969674,0.200236266428753,0.0,0.4216276884682144,0.21210264643375623,5,0.004852298327774088,0.5201446956617495
3.84,0.164,320,1440,101,4,0.8757788761228145,0.6780398557006848,0.2773538661172551,1.824301277895028e-05,0.4006859895834297,0.72099096229552,5,0.0071439246573812695,0.565636870939944
3.84,0.164,320,1440,101,6,0.8757788761228145,0.5780744032756774,0.14711272531408964,0.0,0.43096167796158774,0.72099096229552,5,0.006156839899953529,0.5501064007683222
3.84,0.164,320,1440,137,4,0.8831251483183609,0.7072369474583291,0.31827832724663613,9.680902211771945e-05,0.388958620211693,0.19915367797985048,3,0.0030458776047997747,0.5398856188855166
3.84,0.164,320,1440,137,6,0.8831251483183609,0.6136547437716725,0.19552623157181995,3.922357304506722e-06,0.4181285121998526,0.19915367797985048,3,0.00279322672930991,0.5113528643603702
3.84,0.164,320,1440,173,4,0.8816868272066974,0.6994002814382407,0.3141045877256343,8.818765286285961e-05,0.3852956937126064,0.27607503764482916,3,0.003157934410565624,0.5472706861198133
3.84,0.164,320,1440,173,6,0.8816868272066974,0.6046403557593496,0.1811196762118839,1.1996726909785811e-05,0.4235206795474657,0.27607503764482916,3,0.002948691082308888,0.5231808835379731
3.8625,0.1,320,1440,17,4,0.8098474115407424,0.4319009450432052,0.0067789907088436855,0.0024644963382524677,0.4251219543343615,0.7860210252533337,10,0.007578892155339395,0.693450683235175
3.8625,0.1,320,1440,17,6,0.8098474115407424,0.2889373314608175,0.0008163772675448703,0.00020184202144010654,0.28812095419327266,0.7860210252533337,10,0.00017454783133223254,0.6505500868887796
3.8625,0.1,320,1440,42,4,0.8322808871149041,0.48374856205006483,0.004066598259891719,0.0015739123822184624,0.47968196379017314,0.716994838256523,7,0.008054755433878026,0.6461645263406425
3.8625,0.1,320,1440,42,6,0.8322808871149041,0.3438474652789834,0.0005084331068624662,0.00013295501465994988,0.3433390321721209,0.716994838256523,7,0.0012936043702877775,0.5947515655776167
3.8625,0.1,320,1440,73,4,0.8032959125785671,0.4189682304544318,0.0075249237266162925,0.0031060918617462434,0.41144330672781554,0.8188575722746139,7,0.004709575826745293,0.7033563554484072
3.8625,0.1,320,1440,73,6,0.8032959125785671,0.2752930657922991,0.0010120563794596134,0.00031165869237385083,0.2742810094128395,0.8188575722746139,7,0.0,0.6635594778550887
3.8625,0.1,320,1440,101,4,0.8199628312435744,0.45063123601535765,0.00490752836969772,0.0019124053559180301,0.44572370764565994,0.7709624298651034,8,0.007190408455990414,0.6680985442535279
3.8625,0.1,320,1440,101,6,0.8199628312435744,0.3073379530458976,0.0004893838525170006,0.0001181457429805745,0.3068485691933806,0.7709624298651034,8,0.0005009364910289161,0.619042294561258
3.8625,0.1,320,1440,137,4,0.8130680454743976,0.43739049857797363,0.006266695622846985,0.0025284075115909682,0.43112380295512664,0.7488498881073912,13,0.010203407392906797,0.6878731732209327
3.8625,0.1,320,1440,137,6,0.8130680454743976,0.2950007377408496,0.0007650220885229147,0.0002643623276022241,0.2942357156523267,0.7488498881073912,13,0.0003965063916726797,0.6438375227735307
3.8625,0.1,320,1440,173,4,0.798869178509864,0.4107945387626134,0.008442950550734237,0.0038756770401038284,0.40235158821187916,0.7993329311646442,14,0.008494909166742101,0.7018783551873541
3.8625,0.1,320,1440,173,6,0.798869178509864,0.2712332825606026,0.0012342563143355981,0.00045498671409068355,0.269999026246267,0.7993329311646442,14,0.0,0.660628985494482
3.8625,0.132,320,1440,17,4,0.9173464641210456,0.8018934165028446,0.00014061775886781047,1.1534525431143846e-05,0.8017527987439769,0.2603476076743621,2,0.004511255585623404,0.5906080273442271
3.8625,0.132,320,1440,17,6,0.9173464641210456,0.7421347338719682,8.995812744577169e-06,0.0,0.7421257380592235,0.2603476076743621,2,0.004511255585623404,0.5500403849609432
3.8625,0.132,320,1440,42,4,0.9238662733624438,0.8137424806642268,4.41696113074205e-07,0.0,0.8137420389681137,0.1766754523276438,1,0.0020804435101004657,0.5867223037784924
3.8625,0.132,320,1440,42,6,0.9238662733624438,0.7544468376642277,0.0,0.0,0.7544468376642277,0.1766754523276438,1,0.0020804435101004657,0.5779487790401439
3.8625,0.132,320,1440,73,4,0.9246448268675428,0.8162072577689777,8.426327798199595e-05,2.1083854863418492e-05,0.8161229944909958,0.36810774209843283,0,0.0,0.5749025089944254
3.8625,0.132,320,1440,73,6,0.9246448268675428,0.7550044753432156,8.995715709496629e-07,0.0,0.7550035757716447,0.36810774209843283,0,0.0,0.5370764024122828
3.8625,0.132,320,1440,101,4,0.9256349611395145,0.8191789102321885,9.283160297358377e-06,0.0,0.8191696270718911,0.23106327980014837,1,0.0021478345558240152,0.5691997829754781
3.8625,0.132,320,1440,101,6,0.9256349611395145,0.7661369980858528,4.41696113074205e-07,0.0,0.7661365563897397,0.23106327980014837,1,0.0021478345558240152,0.5664468313718228
3.8625,0.132,320,1440,137,4,0.9264103759192845,0.8239616504246143,0.00018558913906655748,6.526139018476659e-05,0.8237760612855478,0.18194696839482555,1,0.002069528479933003,0.5657945868082677
3.8625,0.132,320,1440,137,6,0.9264103759192845,0.7695355011253768,3.0270872884903518e-05,7.306167615718027e-06,0.769505230252492,0.18194696839482555,1,0.002069528479933003,0.5208302017402006
3.8625,0.132,320,1440,173,4,0.9128125,0.7928125,0.0,0.0,0.7928125,0.11931925373449763,2,0.0041459920082731186,0.7892076304277128
3.8625,0.132,320,1440,173,6,0.9128125,0.7309374999999999,0.0,0.0,0.7309374999999999,0.11931925373449763,2,0.0041459920082731186,0.7532029953247713
3.8625,0.164,320,1440,17,4,0.8649554355867443,0.6223522423835274,0.33996884476572575,1.884915235241379e-05,0.2823833976178016,0.8316366951570119,7,0.0038542782501059403,0.610643462290225
3.8625,0.164,320,1440,17,6,0.8649554355867443,0.5181799077340026,0.2401239963134704,2.4297966643466827e-06,0.2780559114205322,0.8316366951570119,7,0.00254062817682255,0.5877495090380044
3.8625,0.164,320,1440,42,4,0.8416234816803831,0.5720534855523133,0.2503660781070796,0.0,0.32168740744523366,0.7008165556789259,7,0.004857379285060792,0.711094560765986
3.8625,0.164,320,1440,42,6,0.8416234816803831,0.4639462657316441,0.15316554766809864,0.0,0.31078071806354546,0.7008165556789259,7,0.0027851534994040193,0.6962673407419987
3.8625,0.164,320,1440,73,4,0.8545464237676746,0.6001909828655745,0.3088763891255332,1.9633787538989214e-06,0.29131459374004126,0.8115374484785153,4,0.0023296159179444728,0.6171221401805059
3.8625,0.164,320,1440,73,6,0.8545464237676746,0.49589566985704564,0.19657703132980625,0.0,0.2993186385272394,0.8115374484785153,4,0.0017084793189927484,0.6342243534249903
3.8625,0.164,320,1440,101,4,0.8540051032348739,0.5993776240174615,0.30892323321704857,0.0,0.29045439080041296,0.7588695554091879,5,0.002807051549255297,0.667887186363093
3.8625,0.164,320,1440,101,6,0.8540051032348739,0.4945491454509954,0.19996886349371928,0.0,0.2945802819572761,0.7588695554091879,5,0.0019717127414161932,0.6513968849897881
3.8625,0.164,320,1440,137,4,0.8513923193178522,0.5892828764247012,0.28410762110742294,6.373331794822502e-06,0.3051752553172783,0.6028411974573273,7,0.0041066578034236545,0.633404621992169
3.8625,0.164,320,1440,137,6,0.8513923193178522,0.4756149676264517,0.1669498238845935,0.0,0.3086651437418582,0.6028411974573273,7,0.002683560593981808,0.6252211794855256
3.8625,0.164,320,1440,173,4,0.8522545439924262,0.5949159302478471,0.2958435710578219,0.0,0.29907235919002517,0.530837840075418,4,0.002156716790519798,0.6791834768657051
3.8625,0.164,320,1440,173,6,0.8522545439924262,0.4865961132000428,0.18982496184708064,0.0,0.29677115135296217,0.530837840075418,4,0.0013820190805893407,0.657629785855756
3.885,0.1,320,1440,17,4,0.7747808716712948,0.35844275882455334,0.013007409465997622,0.005343080176137905,0.34543534935855574,0.7265808623859675,10,0.0026701508529654097,0.7180769935687086
3.885,0.1,320,1440,17,6,0.7747808716712948,0.21969968501968135,0.0019737718770307085,0.0007304593525423376,0.21772591314265063,0.7265808623859675,10,0.0,0.679243214262598
3.885,0.1,320,1440,42,4,0.7900915080058066,0.3890984959244194,0.011720766043711995,0.004861812220126277,0.37737772988070745,0.7250271694212028,7,0.0030557970141067074,0.6923226819149434
3.885,0.1,320,1440,42,6,0.7900915080058066,0.2516914640847594,0.002126741728332216,0.0008348870398111746,0.24956472235642718,0.7250271694212028,7,0.0,0.646600304744792
3.885,0.1,320,1440,73,4,0.7958704961725676,0.38949478262706977,0.008930974600234683,0.0029683070833793953,0.3805638080268351,0.5898738265120584,9,0.0036836204673682347,0.6868146059153798
3.885,0.1,320,1440,73,6,0.7958704961725676,0.24740244056842053,0.0014159518380281685,0.0002656432126232544,0.24598648873039236,0.5898738265120584,9,0.0,0.6372534334751627
3.885,0.1,320,1440,101,4,0.7959911446055484,0.3926252687531845,0.009064157271466203,0.0030807866256041274,0.3835611114817183,0.7674129270908554,7,0.003288422465435745,0.6919549274022968
3.885,0.1,320,1440,101,6,0.7959911446055484,0.2512956397544625,0.0013101743437610488,0.00038223262015898605,0.24998546541070146,0.7674129270908554,7,0.0,0.645500823545387
3.885,0.1,320,1440,137,4,0.8048929681262734,0.40336745548775205,0.007530182111720726,0.0020385719476756527,0.3958372733760313,0.764496359187529,7,0.003754255165886154,0.671348081433295
3.885,0.1,320,1440,137,6,0.8048929681262734,0.2608415579214808,0.0011747355885201435,0.00022780368972620226,0.2596668223329606,0.764496359187529,7,0.0,0.6184795565299939
3.885,0.1,320,1440,173,4,0.7840521190896833,0.37102988979946333,0.011368475701352734,0.004437572170847011,0.3596614140981106,0.7989670968563571,7,0.0024166849663447595,0.705920085785897
3.885,0.1,320,1440,173,6,0.7840521190896833,0.2314903891813444,0.0019094544460509255,0.0005957126404984504,0.22958093473529348,0.7989670968563571,7,0.0,0.6628394202214852
3.885,0.132,320,1440,17,4,0.9005741143160627,0.7339695648184852,2.4211574758587985e-05,6.933397715117341e-06,0.7339453532437266,0.574172002449305,4,0.011565084700656147,0.6538100484090809
3.885,0.132,320,1440,17,6,0.9005741143160627,0.6588934665531048,9.519466041205171e-07,0.0,0.6588925146065007,0.574172002449305,4,0.010433178650504487,0.6113240616220001
3.885,0.132,320,1440,42,4,0.8972453255170919,0.7232424119886237,3.474042481117797e-05,7.778286320362177e-06,0.7232076715638125,0.48157568424309893,6,0.01663208711648661,0.6542839920901368
3.885,0.132,320,1440,42,6,0.8972453255170919,0.6358681031410237,1.3250883392226148e-06,0.0,0.6358667780526844,0.48157568424309893,6,0.0136498468463861,0.6183791947984457
3.885,0.132,320,1440,73,4,0.9053510745970312,0.7436599354298475,3.975265017667845e-06,0.0,0.7436559601648298,0.5421971470002375,5,0.013977790748145733,0.6441205285915619
3.885,0.132,320,1440,73,6,0.9053510745970312,0.6739571754352308,0.0,0.0,0.6739571754352308,0.5421971470002375,5,0.01311107371896237,0.6201738857768214
3.885,0.132,320,1440,101,4,0.9246986673167606,0.8013077369389399,0.0,0.0,0.8013077369389399,0.21066512268594975,3,0.006374193607603318,0.6218186033029123
3.885,0.132,320,1440,101,6,0.9246986673167606,0.7452476851408798,0.0,0.0,0.7452476851408798,0.21066512268594975,3,0.006374193607603318,0.6009852347818598
3.885,0.132,320,1440,137,4,0.8912097586380134,0.7095705755183771,2.345589321315239e-06,0.0,0.7095682299290558,0.4422646234997428,7,0.019325593382163914,0.7018426839649706
3.885,0.132,320,1440,137,6,0.8912097586380134,0.6262030615001175,0.0,0.0,0.6262030615001175,0.4422646234997428,7,0.015087542361180845,0.6744067533075215
3.885,0.132,320,1440,173,4,0.9147605767615768,0.7740403314890971,0.0,0.0,0.7740403314890971,0.30495598714563205,7,0.01640960439208133,0.6416810101276531
3.885,0.132,320,1440,173,6,0.9147605767615768,0.7045722137989745,0.0,0.0,0.7045722137989745,0.30495598714563205,7,0.01640960439208133,0.6132870837238317
3.885,0.164,320,1440,17,4,0.8148686022213409,0.4791295192995567,0.13287929013999628,8.700522713194877e-06,0.34625022915956044,0.8704734004258021,6,0.003984527442674385,0.7652334766871842
3.885,0.164,320,1440,17,6,0.8148686022213409,0.3543555311579829,0.05548617426553757,0.0,0.2988693568924453,0.8704734004258021,6,0.0010058184813643081,0.7581573719964705
3.885,0.164,320,1440,42,4,0.83002989210892,0.5201723763077651,0.1557721112796949,0.0,0.3644002650280702,0.4316027205943299,3,0.0020521321462499413,0.7962217272138037
3.885,0.164,320,1440,42,6,0.83002989210892,0.4038249804561153,0.06422024471935096,0.0,0.33960473573676436,0.4316027205943299,3,0.0008984381277318487,0.7915122885375256
3.885,0.164,320,1440,73,4,0.8145883471151407,0.48351773158149836,0.1281934714204242,0.0,0.35532426016107416,0.47582406323339677,5,0.0029265675038896476,0.8228200920659801
3.885,0.164,320,1440,73,6,0.8145883471151407,0.36196654811453177,0.0480698966780519,0.0,0.3138966514364799,0.47582406323339677,5,0.0008643001748212767,0.8156520955876254
3.885,0.164,320,1440,101,4,0.8243106413023918,0.5049649407587813,0.16268623236819255,0.0,0.3422787083905887,0.4607816139103109,5,0.0028642824507975357,0.741239361258619
3.885,0.164,320,1440,101,6,0.8243106413023918,0.3871690224373986,0.07383561815722176,0.0,0.31333340428017686,0.4607816139103109,5,0.0010868967495709662,0.7516872801860529
3.885,0.164,320,1440,137,4,0.8330622166375976,0.5280985498963754,0.17744238794816453,0.0,0.35065616194821086,0.8752296595430596,5,0.00407320124856637,0.7870789509868152
3.885,0.164,320,1440,137,6,0.8330622166375976,0.4128564447023494,0.08033611745924728,0.0,0.3325203272431021,0.8752296595430596,5,0.0019186239834446896,0.7827411504091358
3.885,0.164,320,1440,173,4,0.8289717420573011,0.5234419621137839,0.19143988913314947,0.0002329644814133002,0.33200207298063444,0.6119201280521618,3,0.001857446604712202,0.7206517934061102
3.885,0.164,320,1440,173,6,0.8289717420573011,0.40955762162732673,0.0954760050429987,2.4350734627349216e-05,0.31408161658432804,0.6119201280521618,3,0.0008543164726753438,0.7063921190505233
