treatment,condition,replicate,generation,bias,population,mean_d,std_d,mean_alpha,std_alpha,mean_beta,std_beta,mean_p_base,std_p_base,maladaptation,trait_variance,trait_env_corr
static,neg_const,1225841523,0,-0.3,900,3.566666666666667,1.7130220210039462,2.439308962206087,1.4469970136986134,0.9845322881877203,0.5808596984800394,0.2576536605468567,0.14117585325335066,0.2051194209653244,0.08303913109662801,0.014547601261964702
static,neg_const,1225841523,5,-0.3,900,3.5055555555555555,1.6556208040833447,2.5021593722902127,1.461998253463787,0.9836415219295258,0.6019818335676845,0.29497389143880925,0.14673442325528496,0.13619586218367918,0.08350786663901333,0.3539943089309108
static,neg_const,1225841523,10,-0.3,900,3.267777777777778,1.5650578816259502,2.507300030481693,1.4857560827385556,0.9760033091950236,0.5771898858349335,0.3273078563502852,0.1475565493347871,0.09373583339849237,0.08702937987201367,0.5673076274156117
static,neg_const,1225841523,15,-0.3,900,3.1144444444444446,1.4541940196939265,2.5722998742940435,1.5310624000650468,0.9483903901838404,0.5755254281177747,0.35256794585363993,0.14583813265529907,0.06250127379274391,0.09109737875529192,0.7196850317320364
static,neg_const,1225841523,20,-0.3,900,2.9811111111111113,1.4386254585111942,2.5690691464603224,1.565904920330327,0.9419285101273844,0.5746193936332045,0.3765261659939956,0.14484088127951247,0.04606043506145656,0.09245142513428145,0.7984017249541291
static,neg_const,1225841523,25,-0.3,900,2.718888888888889,1.322404749306223,2.5545171614329036,1.5443544267333973,0.9447252246280997,0.5759919198676232,0.3920192600948373,0.14445396067747945,0.034079897697153846,0.09757798825248878,0.8543959944756117
static,neg_const,1225841523,30,-0.3,900,2.6277777777777778,1.2659232711325998,2.583257738051088,1.5438304329686106,0.9270293465434899,0.5709129102919867,0.4197065015030756,0.13931111025160534,0.02788710990695642,0.10083779724059219,0.8834235256772741
static,neg_const,1225841523,35,-0.3,900,2.5011111111111113,1.2396231008249101,2.6267386474114303,1.5101634886800415,0.9174888113314505,0.5589457240813099,0.4450143377151248,0.13479703928245312,0.023012080230667684,0.1039926495076208,0.9048032055831657
static,neg_const,1225841523,40,-0.3,900,2.3933333333333335,1.1627362364507074,2.583264552196223,1.5191517919456106,0.9021084407638177,0.5518323230295374,0.45908429005491613,0.13549478551994773,0.021409177357576945,0.10694761943781503,0.9114441316755266
static,neg_const,1225841523,45,-0.3,900,2.361111111111111,1.124296762370391,2.615775401255461,1.5324787612307436,0.8933624762123206,0.5420734797456707,0.4752259795124685,0.1326822418438955,0.020964176652230448,0.10981774375168799,0.9129937802842062
static,neg_const,1225841523,50,-0.3,900,2.348888888888889,1.0731308757757416,2.648617641694815,1.4965908893962305,0.8798262288458004,0.540456325459701,0.4868216520559022,0.13265107631854856,0.01952753854698966,0.11330091485845642,0.9191752414011348
static,neg_const,1225841523,55,-0.3,900,2.2666666666666666,1.0424330514074593,2.644977656260631,1.4940022878182426,0.8806999629900913,0.530194134749542,0.4902592560430289,0.13353792153144248,0.018201764954483154,0.11493642810772706,0.924955333792789
static,neg_const,1225841523,60,-0.3,900,2.22,0.9663447739922963,2.6260854493603376,1.462396203696482,0.8741638806056955,0.5347842255583506,0.5061885767633635,0.13515877999817807,0.017228855770720815,0.11683751511264502,0.9293106844417239
static,neg_const,1225841523,65,-0.3,900,2.18,0.9326426015480004,2.639680669696626,1.43129031207517,0.8739516606235096,0.5228056429586311,0.5143091897267016,0.1386171646066878,0.016402339616037553,0.11846209903749982,0.9330141596560563
static,neg_const,1225841523,70,-0.3,900,2.1655555555555557,0.9179277520724011,2.6039456856056375,1.46257849067993,0.8742362375683911,0.518635614167119,0.5289244605262596,0.14486624428914124,0.015921552417775466,0.11950960398472057,0.9354120952996701
static,neg_const,1225841523,75,-0.3,900,2.1333333333333333,0.8793937305515279,2.615966617167785,1.447376047445168,0.8799423373993781,0.5190529147184684,0.540166136162134,0.14618580794011712,0.015205479973072982,0.11997337142070914,0.9389553222530262
static,neg_const,1225841523,80,-0.3,900,2.1,0.8621678104251708,2.621972569221507,1.441335213131427,0.8802729519427485,0.5250869118360623,0.5548956889110862,0.14844246624582427,0.01586050697708797,0.12289407252172788,0.9375812832954167
static,neg_const,1225841523,85,-0.3,900,2.0566666666666666,0.849908491806291,2.624730913227565,1.4381260115347794,0.8747846502781748,0.529151512483555,0.5641746144563375,0.15050016886077408,0.015178936326439879,0.12221171629088422,0.939063996887391
static,neg_const,1225841523,90,-0.3,900,2.0188888888888887,0.8476627270120068,2.6119463287655202,1.4385012996910418,0.8836121658382817,0.5303492337867557,0.5784657428859608,0.1562957158897531,0.01519280186126606,0.11939104190571621,0.9386395281494406
static,neg_const,1225841523,95,-0.3,900,2.0044444444444443,0.8406229318667479,2.6290973731780527,1.4307479765152455,0.9025611336472116,0.5421111617392506,0.5982747901373769,0.1546016031404527,0.015552057409479294,0.11827675923696881,0.9365350511350217
static,neg_const,1225841523,100,-0.3,900,2.006666666666667,0.8218948297143079,2.614525844769949,1.434569953697542,0.898687975478227,0.5379909625745523,0.599173434929342,0.15243463702150717,0.01467944455239117,0.11958557944708496,0.9402410416923979
static,neg_const,1225841523,105,-0.3,900,1.9833333333333334,0.831831980897852,2.62123464070188,1.4624443250340702,0.9279228547380303,0.5456953848225866,0.6145052671253709,0.15698447208653069,0.014384584370449068,0.11769327075281624,0.9411562003915677
static,neg_const,1225841523,110,-0.3,900,1.9122222222222223,0.826011538495919,2.6075853706850416,1.4700598618145109,0.9496553240717045,0.5463075402962706,0.6293838357439226,0.16140244448893354,0.014556883732595668,0.11798558753749398,0.9405859728398815
static,neg_const,1225841523,115,-0.3,900,1.9011111111111112,0.7875411021999557,2.622992963856279,1.470574057561513,0.9661634647624808,0.5407181718224224,0.6355567262452865,0.16089179431138678,0.014923872994464203,0.11373988726934947,0.93866120331041
static,neg_const,1225841523,120,-0.3,900,1.87,0.7844247715506072,2.6605916201554,1.4708756759516965,0.9875261428342705,0.5460407353584714,0.6430764686316656,0.15901150841035086,0.01572912089029356,0.1121160026175037,0.9351905455270387
static,neg_const,1225841523,125,-0.3,900,1.8466666666666667,0.7592686539617508,2.737676501709526,1.473844883339164,0.9913567623882835,0.551682832186537,0.65955165239823,0.15500195786031062,0.01584024248985753,0.11352479470006986,0.9347127665007877
static,neg_const,1225841523,130,-0.3,900,1.808888888888889,0.7550782806282692,2.7234381414840283,1.4970816121689854,1.0152416548624574,0.5495404102282548,0.6714534092904948,0.15734412678353196,0.016669410576034417,0.11328045670005914,0.931248051097175
static,neg_const,1225841523,135,-0.3,900,1.8055555555555556,0.7445895380992896,2.706554098157658,1.509969749469792,1.0102203930650098,0.5593718650826104,0.6841374065192368,0.16163030625228486,0.016278556711714742,0.11723122425820968,0.9332987506641848
static,neg_const,1225841523,140,-0.3,900,1.808888888888889,0.7609415869601505,2.714619343207085,1.4910252732972098,1.0202541159459249,0.5538580732310379,0.6935232907985447,0.1629665058948607,0.01624237602011444,0.1160956604663282,0.933350540497324
static,neg_const,845234892,0,-0.3,900,3.5366666666666666,1.7113315153866464,2.516135405760205,1.4499172134064706,0.9554966865897889,0.5771346300647274,0.2505584388807342,0.14144677308532458,0.20321307933964533,0.0767334392661539,-0.005905293473009151
static,neg_const,845234892,5,-0.3,900,3.431111111111111,1.690078528382266,2.4513674866262565,1.451131064197683,1.0120328803302403,0.5771672556401379,0.2839800085129872,0.1428343788671505,0.14419664445021782,0.07802917511009311,0.2980558751567035
static,neg_const,845234892,10,-0.3,900,3.27,1.6823891741607626,2.4652024373047676,1.4310700775237468,1.0591170177720675,0.5868042709576257,0.31598769361543066,0.14071829950865522,0.09611357920791998,0.0828929251183558,0.5490800105235466
static,neg_const,845234892,15,-0.3,900,3.102222222222222,1.6174724986690245,2.3898080457928037,1.4129613232071467,1.100359150241509,0.5951997275860702,0.3396226030125044,0.14000622766735304,0.06833044210273108,0.08799731628104054,0.6899459021232958
static,neg_const,845234892,20,-0.3,900,2.9355555555555557,1.5247084319531834,2.408504697008382,1.4106123308070488,1.1282409015036332,0.6046813458162502,0.3596332621149851,0.13930175546253445,0.051890556371404085,0.09114839624857893,0.770636710478059
static,neg_const,845234892,25,-0.3,900,2.8733333333333335,1.487563257291751,2.3971475518161802,1.3685437731525512,1.1376499392724533,0.6105988826139842,0.37857076199404305,0.13608824055195348,0.04056710785926698,0.09431226811438606,0.8237308573470279
static,neg_const,845234892,30,-0.3,900,2.7066666666666666,1.431611368741919,2.356809160339586,1.356868927323157,1.1565906366221228,0.6247825909021876,0.40616391631382626,0.1383104275378135,0.03488164736572809,0.09645020362453333,0.8504927147916745
static,neg_const,845234892,35,-0.3,900,2.6144444444444446,1.3756663929497435,2.3762128230695674,1.3400245917343088,1.151398342452994,0.6334862439023562,0.4201600798296312,0.14457686469731387,0.029205254978220407,0.09984549601114319,0.8761517047099482
static,neg_const,845234892,40,-0.3,900,2.5833333333333335,1.3369741957120937,2.392039210537308,1.3460154669720326,1.1304017038894696,0.6197391665833489,0.4371996716622459,0.14396229621321513,0.02371718189627669,0.10352545289846647,0.9003974141185872
static,neg_const,845234892,45,-0.3,900,2.5122222222222224,1.2511619291041052,2.394605541481352,1.3673864621395881,1.13164295283937,0.6349639551992108,0.45389306352054354,0.14807516021463843,0.021684380417323273,0.10561607389596023,0.9092926342766157
static,neg_const,845234892,50,-0.3,900,2.4322222222222223,1.217860398657122,2.452258478124708,1.39932998430931,1.0935416444448234,0.6273197331749819,0.46829033235141476,0.15034341120921346,0.019447292117760025,0.11014921362368667,0.9195671177463005
static,neg_const,845234892,55,-0.3,900,2.3566666666666665,1.1740291497422217,2.480144058966196,1.4121650126748635,1.0904829724321763,0.622379838111497,0.48637123503246854,0.15431538808015535,0.017368125315369205,0.11265872471674726,0.9284170313929665
static,neg_const,845234892,60,-0.3,900,2.2333333333333334,1.089852181618121,2.4748726456651986,1.4145955485198136,1.088668447926712,0.6237977800482227,0.5046512764926205,0.15377982078045216,0.01772064291825701,0.11421139698755839,0.927130096561696
static,neg_const,845234892,65,-0.3,900,2.198888888888889,1.066353542003406,2.522095185604532,1.422641506871552,1.0890869282650417,0.6266781013971998,0.5202823302911717,0.15650657342780297,0.017755448051711944,0.11670971297057603,0.9274114478344468
static,neg_const,845234892,70,-0.3,900,2.1566666666666667,1.0300539360203964,2.539727896923506,1.443261699560304,1.0871930850167337,0.620679227127128,0.5340978773977223,0.16611716481245273,0.016534404464983974,0.11870488265130191,0.9327157277812822
static,neg_const,845234892,75,-0.3,900,2.068888888888889,0.9942774533906457,2.508580751408578,1.4484265635604763,1.0660232565771324,0.6212605599995346,0.5464311253611815,0.1742013398788332,0.015991276052377965,0.11934267893285876,0.935222755229416
static,neg_const,845234892,80,-0.3,900,2.042222222222222,0.9500851163948741,2.519683323602437,1.4512028248392133,1.0577644941574225,0.6251387362350364,0.5678306303850704,0.18032158947400168,0.014713531320183448,0.12032606688567059,0.9403754410334563
static,neg_const,845234892,85,-0.3,900,2.0044444444444443,0.8906815257132673,2.4833183792280975,1.4661624085158065,1.042638240229656,0.633854520520743,0.5799081466777777,0.18221745504390774,0.015983967560813824,0.12030637425814122,0.9352682136934126
static,neg_const,845234892,90,-0.3,900,1.9922222222222221,0.8887854106435589,2.5117305246142623,1.4773596578564516,1.0212984969510983,0.6297835898524736,0.5881859123910791,0.17596701135892379,0.015157037068695485,0.12066861786076795,0.9385875733158097
static,neg_const,845234892,95,-0.3,900,1.9388888888888889,0.8337591504671205,2.5198799862463694,1.4965429180361398,1.0141463647351896,0.6230033032976534,0.5996562005420242,0.17536025668727814,0.0161819279206456,0.12119688037432205,0.9345553240763416
static,neg_const,845234892,100,-0.3,900,1.95,0.8129165598838133,2.50872816602744,1.50411555946001,1.0172201197541388,0.6281004677164999,0.6065189181488542,0.18097638407232294,0.01623843058230972,0.11904936513086901,0.9339650383039287
static,neg_const,845234892,105,-0.3,900,1.9266666666666667,0.7797150476652066,2.5090988323493133,1.5065888639172198,1.025020011004271,0.6422734047322581,0.6269710817467773,0.18586451408312216,0.016776131965026773,0.12063718804470619,0.9318791752992341
static,neg_const,845234892,110,-0.3,900,1.9111111111111112,0.7752339352227737,2.5142081545748542,1.4950284020811586,1.0260516748892758,0.652307426754411,0.647816448827271,0.18116087735310074,0.016011429569426323,0.12182188275384029,0.9353612877729215
static,neg_const,845234892,115,-0.3,900,1.8811111111111112,0.7515013779013677,2.5050854359486046,1.4977925394248235,1.0405515585790412,0.659442845188611,0.6660293538515722,0.18052532841747215,0.01569599079929535,0.11934170334176568,0.9360239380624332
static,neg_const,845234892,120,-0.3,900,1.8688888888888888,0.7487240174596963,2.5212262800110854,1.4796807726056653,1.0354171414579474,0.660149942055882,0.6845966716709687,0.1771068728141269,0.016216528737023072,0.12087016930751547,0.9342111250584086
static,neg_const,845234892,125,-0.3,900,1.8611111111111112,0.723908288304909,2.5202447811493025,1.4660555664178105,1.0511007057251989,0.6659364104230495,0.6978505007760374,0.1755388300112296,0.015210902021511024,0.1227204219897758,0.9387113801221463
static,neg_const,845234892,130,-0.3,900,1.85,0.7013875137500271,2.4630664747723725,1.4534302189107087,1.0212915620694538,0.6678571628461358,0.709454750988866,0.1728191704611934,0.01355508910574175,0.12048677156787682,0.9450720509901934
static,neg_const,845234892,135,-0.3,900,1.8477777777777777,0.6600888454977991,2.445918519038381,1.4559232663114408,1.0239695422069877,0.6722055869504935,0.7176101457706493,0.1722571631416185,0.014109167567342982,0.11880001673969481,0.9426197549436651
static,neg_const,845234892,140,-0.3,900,1.8377777777777777,0.6397183022024925,2.438683475473571,1.4623586574225873,1.0253509476553042,0.6677670741363753,0.7282403552650718,0.17201179101582947,0.014295061257417556,0.12135903407502853,0.9423879600919066
static,neg_const,365289374,0,-0.3,900,3.486666666666667,1.711672346631277,2.4295707324817895,1.4588836566464025,0.9697463168492133,0.56734954452799,0.25430632565355543,0.14479371106288308,0.21080843555348874,0.08096335089937134,-0.02389039624508839
static,neg_const,365289374,5,-0.3,900,3.2911111111111113,1.6989306731290612,2.3485796044113854,1.4360525498825822,1.003923837378418,0.5631693221323002,0.28703848406589694,0.15044474424327567,0.14084779594869398,0.08772007365403899,0.34363121835315
static,neg_const,365289374,10,-0.3,900,2.982222222222222,1.634256730666389,2.360949843576279,1.4210373222722763,1.0112819164671654,0.5716474445599902,0.31260772038311424,0.15216357349049556,0.10704677848679986,0.09049455946035356,0.510117300514332
static,neg_const,365289374,15,-0.3,900,2.7777777777777777,1.526635936938017,2.3985617484111783,1.4328613602183493,1.0140691091831961,0.5725837327088499,0.3440323097658892,0.1592703920077654,0.07337600620141152,0.09566458414921947,0.6736480993565208
static,neg_const,365289374,20,-0.3,900,2.6166666666666667,1.4285773809399802,2.3104956843259252,1.4319736196764505,1.047707871391684,0.5893937630377475,0.3791073069597368,0.16209331179515613,0.05421283800708819,0.10252291980290573,0.7659709537580424
static,neg_const,365289374,25,-0.3,900,2.4355555555555557,1.2803047476728266,2.2173012526643143,1.4159906375202143,1.058640122159281,0.5901602521497039,0.40510445438980897,0.1600456306731579,0.04259363508178545,0.10937801274431114,0.8204612094429582
static,neg_const,365289374,30,-0.3,900,2.351111111111111,1.1874570817455485,2.1175141783772986,1.4022184547784116,1.0803682110420751,0.5946083758354583,0.43529969443977595,0.16141706100145303,0.03122681295949292,0.11379143931340771,0.8702216397264954
static,neg_const,365289374,35,-0.3,900,2.2044444444444444,1.0563996624921745,2.079522237772618,1.3827437104380715,1.093408910023323,0.5992084891866228,0.45790613849872386,0.16269089522995114,0.02708025272210847,0.11147308064406862,0.8870069587741106
static,neg_const,365289374,40,-0.3,900,2.117777777777778,0.9997308279707402,2.023302835883574,1.388657106073325,1.1119827700706022,0.6039850394221044,0.4784587359902304,0.1654557326903258,0.022950423767499662,0.11339798523199526,0.9048069540260496
static,neg_const,365289374,45,-0.3,900,2.037777777777778,0.8811076082317929,2.0066665019828576,1.3629453203045307,1.169841456796608,0.6028681310874799,0.490764028265882,0.17189632121179388,0.01953678210610725,0.11558754308057884,0.9196475329358146
static,neg_const,365289374,50,-0.3,900,2.0055555555555555,0.8225787515302931,2.0373676801532574,1.3808477513985367,1.1782367518559542,0.6003427406810417,0.5205860546543284,0.18006946701430473,0.01884965614444904,0.11508222649641715,0.922297335316771
static,neg_const,365289374,55,-0.3,900,1.971111111111111,0.7740577705176568,1.9833009067096512,1.3384792439540567,1.2018373752561824,0.6035560348173759,0.5416937877860766,0.18528508412420777,0.016717853381585865,0.11626744319675636,0.9313789957962005
static,neg_const,365289374,60,-0.3,900,1.9655555555555555,0.7363062634395058,1.9006565646108147,1.2963521664933269,1.214476388474821,0.6018846953502605,0.5591381128573673,0.18748110832773815,0.016881791502727717,0.11662567193681743,0.9307132429411141
static,neg_const,365289374,65,-0.3,900,1.9055555555555554,0.6707973880408816,1.8924338004468397,1.2891936197589178,1.220872472220947,0.6034090821624056,0.5792369538545671,0.1928450384015558,0.017258059044316255,0.11734724142110524,0.9292784764786107
static,neg_const,365289374,70,-0.3,900,1.8933333333333333,0.6512893195637234,1.884108985641769,1.269731606796454,1.225457342753507,0.5971826581673835,0.5831102813959915,0.18971362221280721,0.017335202276287168,0.11749281151987152,0.9291495795545072
static,neg_const,365289374,75,-0.3,900,1.8988888888888888,0.6252100881471665,1.864032935538574,1.2970273817387765,1.2715695763438468,0.5913866264444055,0.6009861657735366,0.19200656109961375,0.016882457099412697,0.12082722277676419,0.9316560035684154
static,neg_const,365289374,80,-0.3,900,1.9111111111111112,0.6244009474767608,1.834631324449104,1.307555420266706,1.2901323444399775,0.585015908936405,0.6156639055992784,0.19427679076031146,0.016513876327179516,0.12322556959931082,0.9334961553925235
static,neg_const,365289374,85,-0.3,900,1.9077777777777778,0.633636379738723,1.8715269622052506,1.3371844133704158,1.302411343543635,0.5824176597343049,0.6213632437127684,0.19056811648690608,0.0164919698082721,0.12380838668926608,0.9338274254654647
static,neg_const,365289374,90,-0.3,900,1.9011111111111112,0.6255654232495848,1.8931828531732469,1.3459106375643626,1.3059911900155765,0.595175136793381,0.6435208982897446,0.19087693640028447,0.017774776947653278,0.12456686954783844,0.9288895868752411
static,neg_const,365289374,95,-0.3,900,1.8877777777777778,0.6304015964760132,1.9037484904644781,1.3729107539345826,1.2886119109628327,0.5953635002261228,0.6609217338460683,0.18503551968025705,0.017167455364215788,0.12292327172892872,0.9308025719923645
static,neg_const,365289374,100,-0.3,900,1.88,0.6137679619458083,1.8956950391737473,1.393810491499003,1.294300991654884,0.595451962916792,0.6738166480059489,0.18641155082858613,0.01608154647674181,0.12050901977038043,0.9347266118144422
static,neg_const,365289374,105,-0.3,900,1.8733333333333333,0.5958747071882365,1.9435559116673475,1.4242536650197677,1.309968191125327,0.5899122922425863,0.6793326235567606,0.18688829801815254,0.015132236117377474,0.12076583666305576,0.93857208464807
static,neg_const,365289374,110,-0.3,900,1.8566666666666667,0.5948949487094339,1.9008687924907757,1.4568018464085963,1.325474295437026,0.5768089225927859,0.6941305777893846,0.18325655367801988,0.015292503064139162,0.12061294028707134,0.9380703883722574
static,neg_const,365289374,115,-0.3,900,1.8477777777777777,0.5908050586140496,1.906778360705808,1.4864143683882631,1.3106771808915887,0.5775582493888543,0.7101239499526082,0.17930313650874605,0.015444543147843404,0.12007205531868896,0.9372506892085577
static,neg_const,365289374,120,-0.3,900,1.8388888888888888,0.6197121992316621,1.9496100755840045,1.5147216176718667,1.3475875960757622,0.5647393825724706,0.7273836898783127,0.17579627154580782,0.014942385892155522,0.12177182656968474,0.9397758964484049
static,neg_const,365289374,125,-0.3,900,1.8233333333333333,0.6208506708988528,1.9687119644722588,1.5223875182565119,1.3558375466459094,0.5705445759706727,0.7332167662212512,0.17808402976356177,0.014768722481997499,0.11844253352001896,0.9400345679320892
static,neg_const,365289374,130,-0.3,900,1.8311111111111111,0.6185367041016949,1.944699992961657,1.4852775856257396,1.3635408331444479,0.5751456053794605,0.7339469456774086,0.1816506373370717,0.014098602710810615,0.12003641789094031,0.9430776314642043
static,neg_const,365289374,135,-0.3,900,1.8211111111111111,0.6075441354693583,1.9286250769294566,1.4997734750615477,1.3702406677671595,0.5729334784876143,0.7495946337528706,0.17679843779929771,0.01527345449492809,0.11797374889806027,0.9379184336426167
static,neg_const,365289374,140,-0.3,900,1.8444444444444446,0.6057339186861782,1.9280137756379276,1.5288672775068015,1.366951154571538,0.5848205217665707,0.7743167417611129,0.16551364017242293,0.016554940323593365,0.11398769375643351,0.9319174346752792
static,pos_const,1666488334,0,0.3,900,3.4366666666666665,1.697511250167269,2.580305759108956,1.5008284849019853,0.9999304202307228,0.594802192835679,0.253229891096468,0.14462416395976385,0.1989648935632026,0.0844064357220719,0.05296569497611172
static,pos_const,1666488334,5,0.3,900,3.2177777777777776,1.6803820847108804,2.430010100604864,1.457781978587927,1.1148430407604504,0.5711374824058749,0.26429875599306807,0.14825961663111073,0.13061474192348105,0.08774620266284132,0.3921461428928004
static,pos_const,1666488334,10,0.3,900,3.013333333333333,1.6254366934594666,2.268295431628276,1.3964927109167509,1.2008322681429975,0.5493731420117536,0.27754861883367454,0.14831005653039225,0.09691353444360769,0.09327253426099587,0.5622474772279186
static,pos_const,1666488334,15,0.3,900,2.7844444444444445,1.5713342604375082,2.1278964670380924,1.3079850524839676,1.2849254425134113,0.52096661752113,0.28638171987487676,0.15141705424467464,0.07015681037834699,0.09918312256264022,0.6920797739309584
static,pos_const,1666488334,20,0.3,900,2.578888888888889,1.4889962647848416,2.0924409490785227,1.2790557373636182,1.3414938004446912,0.5024213284406672,0.2995339886378474,0.15231344020771892,0.049856842235486185,0.10537731399413552,0.786955490179292
static,pos_const,1666488334,25,0.3,900,2.4555555555555557,1.4107611114502154,2.0040837411447328,1.2023611842477822,1.3931125365491845,0.47385008360690845,0.3066001282797469,0.15178792586379442,0.03563288816144283,0.11158948738786896,0.85100229352726
static,pos_const,1666488334,30,0.3,900,2.3666666666666667,1.3576941236277533,1.93410697798254,1.1540086577827542,1.424469485879025,0.4606852836519195,0.31745217520106833,0.15656106266690104,0.02892747110436182,0.1103622428749681,0.8796068143680231
static,pos_const,1666488334,35,0.3,900,2.1633333333333336,1.269728754935916,1.908075225668163,1.104594806005721,1.45616650807934,0.4460889181055141,0.32226771135278454,0.15794143310819667,0.02398007415843009,0.11576374948173937,0.9011511538128145
static,pos_const,1666488334,40,0.3,900,2.0566666666666666,1.242805965010897,1.9093525068613624,1.0931203918804722,1.4813281281094992,0.43865200340040317,0.32358471914123976,0.1557872518216183,0.02107152416179384,0.1161595431372458,0.91326252512753
static,pos_const,1666488334,45,0.3,900,1.9377777777777778,1.142373530834209,1.9119325303569779,1.0701873514253268,1.500568540102281,0.413165719267364,0.3253626543054348,0.15245717985072493,0.020423165552127007,0.11686589288246604,0.9163277691284174
static,pos_const,1666488334,50,0.3,900,1.9288888888888889,1.1242028726014857,1.8988955501993958,1.0465062880317082,1.5099159232076242,0.3987942782993296,0.33315363788929225,0.15679477037827116,0.019475386698100238,0.11693209085000572,0.9200721422577254
static,pos_const,1666488334,55,0.3,900,1.8866666666666667,1.0885464314090296,1.9397810237082407,1.0621777139053872,1.5187646143728397,0.39371470367051453,0.3493356607447638,0.1592411595437647,0.018778322232218637,0.11854486988319524,0.923223168674545
static,pos_const,1666488334,60,0.3,900,1.8155555555555556,1.0324631939752527,1.965341409878533,1.0597600193343555,1.5212578749666248,0.386906500519475,0.3624592194614459,0.16150759326023414,0.016752670495281247,0.11835359405474485,0.9315640187714492
static,pos_const,1666488334,65,0.3,900,1.758888888888889,0.9595594410914075,1.9341213565311701,1.079589144069593,1.5292652877370159,0.3823475023970751,0.3678708170904592,0.1632039470409499,0.0171723509033539,0.11974100056516912,0.9300841169089824
static,pos_const,1666488334,70,0.3,900,1.7244444444444444,0.9508255022886529,1.9306532789226931,1.0862461032915245,1.5456074352363174,0.36706753757448135,0.3700445557704341,0.1613749152933978,0.01643207625785138,0.12070128546672856,0.9332659109743433
static,pos_const,1666488334,75,0.3,900,1.731111111111111,0.9326955492840742,1.855458058095179,1.0619506791938036,1.5513631089077948,0.35106745373604803,0.3713669934406964,0.16777400770362666,0.01631693766281815,0.12209525231136209,0.9342762145845789
static,pos_const,1666488334,80,0.3,900,1.7166666666666666,0.9072240933504552,1.8083503131537813,1.0352419955365293,1.5628059483574968,0.3380439445535701,0.38234258361134804,0.17143669297347627,0.015193109567114409,0.123664152488085,0.9392955522487643
static,pos_const,1666488334,85,0.3,900,1.6977777777777778,0.8955417699517958,1.7965611001443538,1.0451709915307674,1.569460756810521,0.3261103067586184,0.3947756246908956,0.17149335807282104,0.015313903019592377,0.12230996642728177,0.9381358933122417
static,pos_const,1666488334,90,0.3,900,1.6266666666666667,0.8195933951254936,1.7762484243913697,1.026199753354371,1.5759342395283225,0.3274993047618026,0.40419343891913356,0.17641930660795066,0.016242565062519757,0.12098628348566419,0.9341240477696975
static,pos_const,1666488334,95,0.3,900,1.6433333333333333,0.8383250496608633,1.753755430873133,1.0388738510800968,1.5807602973518198,0.3232132075630957,0.41113490022846416,0.17274247784961413,0.01658185298958175,0.11922557858220392,0.9323987075451685
static,pos_const,1666488334,100,0.3,900,1.6366666666666667,0.8314578896265417,1.720041179119416,1.0405890828044393,1.5908219458170416,0.3163086885154752,0.41582513281334993,0.1780657584403031,0.01579701014108022,0.11930763615083584,0.9356031772245829
static,pos_const,1666488334,105,0.3,900,1.6088888888888888,0.8180796544271556,1.6973251838391716,1.0535741599114818,1.592517023731381,0.31581099493920606,0.4224909882891246,0.179351451051103,0.014638307166496937,0.11948100719497755,0.940434872135764
static,pos_const,1666488334,110,0.3,900,1.5955555555555556,0.7949718529064915,1.6822041492707684,1.024171455965676,1.5876945591487732,0.3164825588989706,0.4204396832195715,0.1808462493713882,0.015564186411914049,0.11946977952313842,0.9365745931497514
static,pos_const,1666488334,115,0.3,900,1.5655555555555556,0.7710975022814505,1.676950712952664,1.016431805687409,1.5873133331774953,0.3207193295399017,0.4299409142234975,0.1782858598374366,0.01634228674174253,0.11587018089675112,0.9329249635966039
static,pos_const,1666488334,120,0.3,900,1.521111111111111,0.7443109333014656,1.6835018352597153,1.0105145834523246,1.5878732900260517,0.30815615700286625,0.43568743834757534,0.17774536719447406,0.016783956626694088,0.11585778335281505,0.9311906862264525
static,pos_const,1666488334,125,0.3,900,1.5144444444444445,0.7414791689755629,1.7181260440619832,1.0361860087317676,1.5921213059051211,0.30358085378265004,0.4421753880249477,0.17545637345034307,0.018246418078707114,0.11488258278809131,0.9248758707590459
static,pos_const,1666488334,130,0.3,900,1.4855555555555555,0.7171023654047837,1.7591484560190767,1.0364200354943305,1.5995651264279604,0.30100036086558196,0.44104502331539247,0.17446127061016037,0.018106505741676618,0.11528029092745427,0.9257770071640709
static,pos_const,1666488334,135,0.3,900,1.4855555555555555,0.6902593894264373,1.7152366863717687,1.033509482118958,1.6019267344205683,0.3092749407490406,0.45126954658641405,0.17762381439887856,0.017493273267627767,0.11515931076027593,0.9281846575195082
static,pos_const,1666488334,140,0.3,900,1.47,0.6816564791414775,1.7457484586618504,1.0493006566036995,1.610730609743208,0.30213715519829115,0.45387070265049273,0.17611484558579546,0.01725717923359664,0.11286705121198666,0.9289287991548528
static,pos_const,1285881703,0,0.3,900,3.4522222222222223,1.7065057071088459,2.436806716673406,1.4250226198244778,0.9838107924896968,0.5768417026928084,0.24011357020242535,0.14306862480997953,0.2120726997756566,0.08004120661730743,-0.03509243284276203
static,pos_const,1285881703,5,0.3,900,3.198888888888889,1.6530775638483408,2.321674079628267,1.4203434200646872,1.0354436918854106,0.5772649431116477,0.24711929507747035,0.15202738089411152,0.1379932268086017,0.07821154476423743,0.3303615060442889
static,pos_const,1285881703,10,0.3,900,2.9744444444444444,1.6167224121736827,2.230063643786442,1.3800883200274023,1.1388210625922213,0.5702139641278172,0.2548615029300218,0.15443887958537658,0.09508059126597124,0.0863835277599173,0.5596501020459533
static,pos_const,1285881703,15,0.3,900,2.7344444444444442,1.5396724840123277,2.1776926489490913,1.413598860278656,1.2241149257400092,0.5519668507286141,0.2639410491416283,0.16264805069643412,0.06229554739673104,0.09154756749192694,0.7211675479975289
static,pos_const,1285881703,20,0.3,900,2.5833333333333335,1.454781388693466,2.1086650548946486,1.409563470337018,1.2525011883063009,0.5395541628628876,0.2660319501164329,0.16451141672669156,0.04652273819846546,0.09440092434911548,0.7960584832101895
static,pos_const,1285881703,25,0.3,900,2.462222222222222,1.402266243366056,2.1320052458803023,1.4093315331315832,1.3074228155288947,0.521316764542703,0.27298092972557686,0.16751546650473914,0.03543808296067936,0.0961585290473002,0.8472225470214662
static,pos_const,1285881703,30,0.3,900,2.4044444444444446,1.3427923733864038,2.137522429594637,1.447444285777298,1.3445175291499272,0.5108820640635441,0.2780402041603031,0.17007259016452148,0.03171657186992718,0.09564654180978287,0.8639716800960611
static,pos_const,1285881703,35,0.3,900,2.3333333333333335,1.3012814197295424,2.087898053305096,1.4380904636924403,1.3861706242277978,0.4824218065700368,0.2877165720147362,0.17718844267638847,0.030140880707608647,0.10037557858509398,0.8714969435194568
static,pos_const,1285881703,40,0.3,900,2.19,1.2403001428865694,2.147629818940303,1.4363475476078722,1.3870301384657133,0.4866704712215601,0.3049778236387228,0.1795374152432478,0.02503000890496715,0.10217006104924026,0.8944643181009618
static,pos_const,1285881703,45,0.3,900,2.061111111111111,1.1622004459400324,2.113756750481826,1.43205481082647,1.430583822057366,0.4814609200459362,0.3128446762868573,0.1826629304379182,0.021616652003529607,0.10418452541135931,0.9098912221313378
static,pos_const,1285881703,50,0.3,900,2.0055555555555555,1.1170259234146032,2.1118550728489835,1.4147582114293706,1.4395857294644887,0.47686757805210134,0.3149169666612241,0.1842366044011862,0.02114054007777306,0.10843486297356489,0.9130376628500857
static,pos_const,1285881703,55,0.3,900,1.958888888888889,1.0798553858369129,2.0538006183062896,1.4291487809830448,1.4478880471763937,0.4692062723856032,0.32167727966521575,0.1812879376916884,0.02030111503619399,0.10739164944137727,0.9168837202726832
static,pos_const,1285881703,60,0.3,900,1.8511111111111112,0.9933383047352604,2.0416183160739894,1.436193048310602,1.4703882782071236,0.45551578538060394,0.33511216417664236,0.1825012664780172,0.02125523086444764,0.10892415476408614,0.9128441533191421
static,pos_const,1285881703,65,0.3,900,1.7822222222222222,0.9051185039390365,2.0083391981842036,1.4241223087778219,1.4847035947465606,0.43660309181740736,0.34418300507427185,0.1949054953429237,0.022140190138295393,0.10883379115918385,0.9080039204065271
static,pos_const,1285881703,70,0.3,900,1.75,0.8836477427874375,1.9355293923270878,1.4259704806653586,1.503187152989649,0.4188872390106413,0.33707709030997385,0.194215333370004,0.02254259241122676,0.10815511616046772,0.906011204805183
static,pos_const,1285881703,75,0.3,900,1.7144444444444444,0.8521946975129192,1.9177481021113145,1.4409259252578268,1.5025194940215274,0.4213462843014391,0.34925481185221147,0.19780388027978157,0.02062861607795031,0.10622559421450183,0.9138148378318547
static,pos_const,1285881703,80,0.3,900,1.6822222222222223,0.8294010928612924,1.8866951746095701,1.4626977600797721,1.5148489961418394,0.4282561798913193,0.3575874094598945,0.1951854715369287,0.02058291501656023,0.10717349168678698,0.9140596875408725
static,pos_const,1285881703,85,0.3,900,1.6633333333333333,0.8171699129720004,1.7989004886661084,1.4558617247202674,1.4925406298261694,0.4255405171401958,0.36590385935351294,0.19953565050893793,0.01889060740168177,0.10917410000955374,0.9214553833172471
static,pos_const,1285881703,90,0.3,900,1.6111111111111112,0.7773808510983024,1.7282808069453997,1.440582824146259,1.506925144607822,0.42354398055170045,0.371007706778896,0.20468074731124594,0.01784223426043035,0.11103593804214269,0.9260670711906844
static,pos_const,1285881703,95,0.3,900,1.58,0.7624813294617632,1.6552421057936297,1.3848802863617748,1.4929402870848092,0.4399470501163091,0.38345772948230683,0.21224090475964055,0.017507520431386474,0.10976993929204483,0.9275385098112237
static,pos_const,1285881703,100,0.3,900,1.5522222222222222,0.7590531788979358,1.6059789101420578,1.3487652544194004,1.5042082712952178,0.41779129928332825,0.38654426543726494,0.2196097954244277,0.017862813988899443,0.1117298627128958,0.926003320410755
static,pos_const,1285881703,105,0.3,900,1.4822222222222223,0.7154761860743557,1.659375559412563,1.358590886653112,1.525206011094894,0.41107761583911917,0.40943114569862965,0.22375495369251472,0.017592943624436922,0.10796706419432976,0.9269708117746319
static,pos_const,1285881703,110,0.3,900,1.4533333333333334,0.68071857457967,1.66331422282151,1.3492860775851925,1.5403714970855424,0.4031005555868423,0.4270249975200804,0.23333709539472572,0.018524137314726904,0.10840275230670197,0.9231899342503859
static,pos_const,1285881703,115,0.3,900,1.4333333333333333,0.6540472290116194,1.5984063108487088,1.3250441066362773,1.5376906573590734,0.4131564512725577,0.44285823277442465,0.23708730107977785,0.018840158052822322,0.10922165446341721,0.9216892103020867
static,pos_const,1285881703,120,0.3,900,1.4366666666666668,0.6628138669507618,1.6333126959790625,1.3241426850921174,1.522769557235733,0.41956034738935233,0.4489435217351201,0.2374665544058208,0.018182182904722576,0.11306735417846536,0.9248180285779197
static,pos_const,1285881703,125,0.3,900,1.4111111111111112,0.6072605965306537,1.630721935390661,1.3105782678407898,1.5094419137564576,0.4289029431510511,0.4564514451150511,0.24041707507326174,0.01858723199433388,0.11581808546193748,0.9235169825318572
static,pos_const,1285881703,130,0.3,900,1.39,0.5851020803624308,1.5676263692778307,1.2758906714710703,1.5142961741677194,0.4247087437310908,0.4587674954652531,0.24256900157232844,0.01796889291506058,0.11563885240886981,0.9260293732022
static,pos_const,1285881703,135,0.3,900,1.3877777777777778,0.5789507324611344,1.5263679191652217,1.2396744640218862,1.5274763418413184,0.41249143240257163,0.46225529094309065,0.23912721650660806,0.017616978658280845,0.11693681492247635,0.9277171829427138
static,pos_const,1285881703,140,0.3,900,1.3877777777777778,0.5789507324611344,1.5273548635370553,1.2113609924259572,1.5340323789264605,0.40777870540921707,0.47936317657031535,0.23722394276634767,0.017467729090531937,0.11752487806527143,0.9285996570728555
static,pos_const,805936185,0,0.3,900,3.4077777777777776,1.6836948640005198,2.4495455005183904,1.4289223006316372,1.007859930896015,0.5763536713894383,0.2538029134542792,0.14633386812910762,0.2014303069951636,0.08706778052888288,0.050986829606287296
static,pos_const,805936185,5,0.3,900,3.1666666666666665,1.6251495657665207,2.485142558162816,1.4308457563427768,1.102798769024622,0.5583828220937405,0.2707719110358404,0.14886261819397933,0.12968229479109403,0.09084096453256718,0.4042720565959577
static,pos_const,805936185,10,0.3,900,2.8744444444444444,1.572263839260737,2.4764785526942683,1.439017566514216,1.173555331004841,0.5384022152084202,0.27482918581754645,0.15006200748252385,0.08956858258439525,0.09229511955185415,0.5946286344225865
static,pos_const,805936185,15,0.3,900,2.687777777777778,1.51557306930252,2.402914603543257,1.449706451974223,1.224672772062266,0.5166684030286397,0.29251104191926475,0.15427138573423083,0.06164333755674525,0.0972319859474492,0.728799482311863
static,pos_const,805936185,20,0.3,900,2.4833333333333334,1.4324609748417036,2.3844276727077816,1.4754225117711557,1.2420294351849241,0.5153900315612219,0.3062552180861025,0.15177552783517081,0.04636557572024374,0.10174271967272243,0.7999197169345973
static,pos_const,805936185,25,0.3,900,2.36,1.3957713916604604,2.3824978755163353,1.445393103565371,1.2782189325661728,0.5052101431066336,0.31674141411828816,0.15438262256909818,0.03818594577450674,0.10349244132997856,0.8366982168137231
static,pos_const,805936185,30,0.3,900,2.3066666666666666,1.3422038262168348,2.333283729834732,1.4445724291356956,1.3451117582080956,0.48566228302629133,0.3259904265496118,0.1527334326593182,0.029310387180293898,0.10586664137535153,0.8762896569111489
static,pos_const,805936185,35,0.3,900,2.2255555555555557,1.312001110357856,2.2147671093051673,1.41467892430171,1.3741653179017663,0.4719420688489664,0.3374944277431496,0.1515622805713221,0.026086013527403005,0.10183417540707494,0.8902307841207991
static,pos_const,805936185,40,0.3,900,2.1344444444444446,1.2625953087114836,2.181484965608175,1.3770523538981916,1.3899107990643853,0.47201096516479857,0.3382561214773736,0.1539256477852501,0.023482733121399674,0.10054707355140136,0.9017385845512939
static,pos_const,805936185,45,0.3,900,2.06,1.2150720143267228,2.0752942917032318,1.3634503737151598,1.373746989169455,0.4783165926705323,0.35358106831890324,0.1575082988603444,0.023020595318990922,0.10197979966746064,0.9038330755225805
static,pos_const,805936185,50,0.3,900,1.9833333333333334,1.178864802351068,2.0782623887380747,1.3683986684721254,1.3704733037458718,0.4746856583269672,0.36051328268937516,0.16390599180959944,0.02156860473510871,0.10338601121334098,0.9097029294417993
static,pos_const,805936185,55,0.3,900,1.9577777777777778,1.1539283414857053,2.1278995682687545,1.3654167590251276,1.4053016567966603,0.46116550065468054,0.36215925031495216,0.17005498412154302,0.021395778188765195,0.10845337790063232,0.9106461106776149
static,pos_const,805936185,60,0.3,900,1.9033333333333333,1.1306782625191543,2.1331298196333974,1.3774908770834429,1.4051104311829306,0.4549993298604346,0.365212339537277,0.16584714563956027,0.019114921034289432,0.11043242578730876,0.9208042353498196
static,pos_const,805936185,65,0.3,900,1.8644444444444443,1.0829292693750296,2.1128564772483722,1.3623851964524243,1.4113034852550876,0.44451875107586675,0.36866424744461757,0.166735427058028,0.019538611367537578,0.111200709558254,0.9189597426479328
static,pos_const,805936185,70,0.3,900,1.7777777777777777,1.0075027188028138,2.1096569976148434,1.3374908038190079,1.4100711206890137,0.44373490109696556,0.38298062097993407,0.1684856510839831,0.01802713366018848,0.11529686015290713,0.9258925130869042
static,pos_const,805936185,75,0.3,900,1.7366666666666666,0.9721625378505387,2.1197120843923676,1.3408842974858113,1.4080081970871505,0.4492228681289684,0.3883888298276746,0.16472676030396322,0.017239690424184658,0.11706018091301025,0.9294699565695553
static,pos_const,805936185,80,0.3,900,1.6855555555555555,0.9043181730036677,2.0959344320332924,1.3234860224704832,1.4020427669823818,0.45285131896980213,0.3940642768071019,0.1627105641366572,0.016306877247831662,0.11780459214811022,0.9340978046038988
static,pos_const,805936185,85,0.3,900,1.681111111111111,0.8853617521097042,2.0519806043428255,1.3261140563210367,1.4204082630057493,0.4502713487316577,0.396965759709321,0.16488722330060998,0.016687515508827765,0.11570543008341908,0.9321822535909521
static,pos_const,805936185,90,0.3,900,1.6433333333333333,0.8422918470195205,2.0210748372964136,1.3046424473293599,1.401999131895203,0.4474304974051368,0.4049405551026731,0.16461161140795977,0.015800137341369036,0.11486635202545639,0.9352638185916452
static,pos_const,805936185,95,0.3,900,1.6177777777777778,0.8127563223415569,2.075933218716141,1.3056854830433682,1.408373864559794,0.43579816347507083,0.4145463187171961,0.16543851758231365,0.015725084529812746,0.11183774375660065,0.9354277157405194
static,pos_const,805936185,100,0.3,900,1.62,0.7972452571197899,2.0984331248124946,1.3338020458463962,1.4249714658435684,0.42605028173630993,0.4143756970065883,0.16586961957769317,0.01659552577482375,0.1138834095158892,0.9316478806955678
static,pos_const,805936185,105,0.3,900,1.5966666666666667,0.757620544130694,2.1069150613657803,1.3583365285711122,1.4343811869438785,0.42404530637480986,0.41628488757196547,0.17153342244055206,0.016609448887556128,0.11372995639309845,0.9318300320675961
static,pos_const,805936185,110,0.3,900,1.5844444444444445,0.7487635899135634,2.119061990681855,1.3781245629991006,1.450002257302439,0.42933292961135194,0.41367143552950475,0.17373586198802451,0.015153200531896853,0.11553193833525519,0.9379958558959941
static,pos_const,805936185,115,0.3,900,1.6033333333333333,0.7508439695880008,2.0909520644834823,1.3491841735462886,1.4543398824443963,0.42756536569036313,0.4262684730258676,0.17354110585839247,0.014215454979748405,0.11723610988451727,0.9421028102540925
static,pos_const,805936185,120,0.3,900,1.5266666666666666,0.7010785341964987,2.0777492785418445,1.3387494261994695,1.4436463259719607,0.4281731268367917,0.4343453399236555,0.17363540862929983,0.013994868820686446,0.11777091580006485,0.9429484626170229
static,pos_const,805936185,125,0.3,900,1.4722222222222223,0.6768436185343091,2.164478398821562,1.357271093127199,1.4496141931357407,0.4228427144494464,0.43578310026027905,0.17464427339974392,0.014571152954582571,0.11776111052585722,0.9406278533641471
static,pos_const,805936185,130,0.3,900,1.4455555555555555,0.6551778572962903,2.1377366260296577,1.3638319547732354,1.4420490903404857,0.42374175237776285,0.44302196550911316,0.18499616386614182,0.015361369644540185,0.1145902963581914,0.9369965434466101
static,pos_const,805936185,135,0.3,900,1.4655555555555555,0.6682749120120336,2.1165262788061194,1.3623989123879459,1.4254535340493768,0.42943880856787464,0.4466399395911137,0.18709632088061307,0.016383450506142132,0.11492564883750336,0.9333133568087382
static,pos_const,805936185,140,0.3,900,1.4666666666666666,0.6666666666666666,2.0524299237873747,1.350914112482197,1.4396423039027262,0.42562918364899555,0.4612177579608637,0.1897391792281264,0.017680910948242343,0.1167381315067717,0.9281657071216001
static,neg_to_pos,621327396,0,-0.3,900,3.45,1.6887700981615124,2.448422489095638,1.4620783496441894,1.0355300385752224,0.5787271591054692,0.25298197442015047,0.14564287073222484,0.20490616391902058,0.07782287532740181,-0.010550362250847144
static,neg_to_pos,621327396,5,-0.3,900,3.258888888888889,1.6366221612716332,2.3577932941796442,1.4171682706093747,1.049332055177615,0.5806313359582238,0.2829514084769361,0.15248422616903026,0.1421792702340418,0.07832906196426871,0.3089933824165154
static,neg_to_pos,621327396,10,-0.3,900,3.0966666666666667,1.5636815532582073,2.333531304834108,1.387480664566398,1.0143565514689383,0.6009654881147796,0.32596700832752024,0.15996207635003604,0.09386839506460312,0.08159057244979043,0.5585717604972684
static,neg_to_pos,621327396,15,-0.3,900,2.9155555555555557,1.5171545816729943,2.284360181482482,1.3674315306064062,0.986167128871512,0.6160313916184382,0.3611555008502268,0.16774148479124382,0.06118309900775693,0.08837682643143817,0.7245431959723001
static,neg_to_pos,621327396,20,-0.3,900,2.7533333333333334,1.371633251921875,2.2482353414483556,1.3219990465645046,0.9384050598871547,0.6120744103949115,0.38919493276429823,0.1714088667962395,0.04584631537245466,0.09451510141017978,0.7994198647856661
static,neg_to_pos,621327396,25,-0.3,900,2.6555555555555554,1.2663254901144414,2.24019548941833,1.2891143847566933,0.9198483222351903,0.6237803942641895,0.4187862475700403,0.169794145746113,0.03395406749839803,0.09764189363611937,0.8546256629830219
static,neg_to_pos,621327396,30,-0.3,900,2.601111111111111,1.2300853127093299,2.266681337851779,1.2671613999440845,0.9223983998458126,0.6275471455259547,0.43159667327527257,0.16828359640952015,0.027569592828218897,0.09953006558815845,0.8838874413861764
static,neg_to_pos,621327396,35,-0.3,900,2.5166666666666666,1.1454014337534437,2.2983573902192145,1.2885186422376458,0.9095908661099585,0.6250772823877412,0.45792290814562536,0.17489022674176133,0.024217307618090208,0.1023579288087291,0.8986024347263226
static,neg_to_pos,621327396,40,-0.3,900,2.43,1.0967578482863836,2.366833122406206,1.3187724692650264,0.9050808548693506,0.6247310451441721,0.4761848699493411,0.18329683465559762,0.021893119042611528,0.10271553980564294,0.909263669738717
static,neg_to_pos,621327396,45,-0.3,900,2.4033333333333333,1.0190354916946385,2.3302104920223567,1.326685561321057,0.897517543715024,0.6188626562326571,0.496214642637526,0.1885358270338912,0.020168519944993493,0.10473794425256172,0.9167359518917392
static,neg_to_pos,621327396,50,-0.3,900,2.34,1.0154145294738828,2.4022136568905332,1.3256377582709444,0.8904554398851853,0.6276734718684228,0.5128872389361592,0.1884008205466026,0.01959537689299475,0.10459996273754772,0.9191249495935071
static,neg_to_pos,621327396,55,-0.3,900,2.296666666666667,0.9671205830827003,2.457793423158811,1.3319756414667232,0.8907719030532507,0.6261003493115964,0.5390617601750711,0.19117679572774265,0.019683738621638764,0.10744906247811278,0.9191412535777569
static,neg_to_pos,621327396,60,-0.3,900,2.3155555555555556,0.9524134385993781,2.4343057988366876,1.3374763394694056,0.8676476730453061,0.6240024110016524,0.552718071230844,0.1899295452814458,0.01956505249993947,0.11070690993746071,0.9207501095038781
static,neg_to_pos,621327396,65,-0.3,900,2.27,0.8977688393394421,2.3953592183367665,1.350911798471886,0.8531062043068542,0.6269916512798044,0.5675982940285643,0.19058463072734017,0.018342772834132146,0.10974438855989932,0.9260342540814617
static,neg_to_pos,621327396,70,0.3,900,2.187777777777778,0.892727129863914,2.3721605234480347,1.3742496139401001,0.836980357260436,0.6336520372861184,0.5721233248494855,0.18771805825288979,0.01779772617268048,0.1088694873685881,0.9281591529188555
static,neg_to_pos,621327396,75,0.3,900,2.15,0.8874119674649424,2.2646085141439296,1.4009479212504599,0.8794542534637659,0.6352031477295871,0.5711115119595396,0.18185932066450083,0.016596349909242636,0.11269852175841111,0.9326972707754094
static,neg_to_pos,621327396,80,0.3,900,2.081111111111111,0.9012823511770381,2.2168412981149896,1.4442909440229674,0.9293989456096586,0.6398759457935302,0.5765254102929235,0.18961038230851185,0.016008029579735728,0.11238161269928713,0.9356159386263361
static,neg_to_pos,621327396,85,0.3,900,2.0744444444444445,0.8993900539453404,2.1126346195573302,1.4343608910413819,0.9583409304202473,0.6438892136435275,0.5888151731755623,0.19405238220217474,0.016048586957835554,0.11270333707542242,0.9351848032958751
static,neg_to_pos,621327396,90,0.3,900,2.0255555555555556,0.8946831979485018,2.0809000343521538,1.4246051308364782,0.9799172392957277,0.6282004356735024,0.5893206138623113,0.18838405464867072,0.016309293177702355,0.11246033825178636,0.9333966406452453
static,neg_to_pos,621327396,95,0.3,900,1.9855555555555555,0.9060366820034398,2.115405856309115,1.46013968164584,1.0005825448782855,0.6174540583043917,0.6015996004218179,0.1891488621246478,0.016672079955386283,0.11190799030255826,0.9317983724499708
static,neg_to_pos,621327396,100,0.3,900,1.9366666666666668,0.8752079118066113,2.0607399038841883,1.4708377294865769,1.039042115740332,0.6149729445176779,0.5984769373373994,0.1919669881688516,0.01639897897602871,0.11089249184814699,0.9330479109302711
static,neg_to_pos,621327396,105,0.3,900,1.9155555555555555,0.8495634318232853,1.917541156317542,1.4375524957661896,1.065015182141709,0.6111940522050676,0.6062265951615703,0.19624137001861003,0.016504517901652874,0.10964101651740887,0.9327098471171974
static,neg_to_pos,621327396,110,0.3,900,1.9188888888888889,0.8333859242664422,1.829983981335354,1.3979970716627974,1.098605433916719,0.6135931801787142,0.6075999308872745,0.19183852316584182,0.01729128395146977,0.1106653294450088,0.9300008553997385
static,neg_to_pos,621327396,115,0.3,900,1.8866666666666667,0.8154344445345275,1.833429308321968,1.396440418711449,1.1121948630242986,0.6033722455551435,0.6224059139119875,0.1919792333196402,0.016870395716179397,0.10933867643626671,0.931122001084875
static,neg_to_pos,621327396,120,0.3,900,1.8533333333333333,0.8101028741256673,1.8266796532159348,1.3899955890106643,1.1369469601085747,0.599041026311687,0.6246099631047335,0.19892888344339876,0.016239981538625187,0.11227563650308127,0.9334414199267705
static,neg_to_pos,621327396,125,0.3,900,1.8244444444444445,0.7904023041901738,1.7628374373535098,1.3739648093381507,1.1410992895083085,0.6084390355000664,0.6388563318198442,0.1997378553945892,0.016926245812353306,0.1115069727016371,0.9305955241688294
static,neg_to_pos,621327396,130,0.3,900,1.7944444444444445,0.7520137574260359,1.7765998656939235,1.3811635019069157,1.1565950402171825,0.5970428960625908,0.6305778529104153,0.19641859402739828,0.01728429926379121,0.1147557357492344,0.9289594716830998
static,neg_to_pos,621327396,135,0.3,900,1.75,0.7650344945019001,1.7804434948737422,1.371922808085228,1.1384527918448195,0.5931250747593888,0.6401139210827479,0.19760107242708605,0.018039921995451867,0.11443526336868406,0.9258041086942043
static,neg_to_pos,621327396,140,0.3,900,1.7566666666666666,0.7584413842435902,1.7403202104198283,1.3562439391083798,1.147727106633249,0.6087194449108794,0.6521691495558612,0.1961143727850455,0.018048915930038677,0.11130862926295278,0.9252032389432606
static,neg_to_pos,240720765,0,-0.3,900,3.58,1.7292387535174738,2.525223788742544,1.450916019831638,1.002398146090421,0.5784275579548172,0.2560487215642594,0.14312576800050467,0.2056084898361444,0.08501099683064518,0.02137118537141081
static,neg_to_pos,240720765,5,-0.3,900,3.546666666666667,1.7156275172011486,2.546145841948832,1.4477857137191257,1.045384717029864,0.5698967389945395,0.2778893196291317,0.1463726281452753,0.1351832585024604,0.09375136417399126,0.38651786113465353
static,neg_to_pos,240720765,10,-0.3,900,3.2944444444444443,1.669654728852719,2.612583819624309,1.4579167542088884,1.0949523827973224,0.5494375893875739,0.306745597453635,0.14875431038349698,0.09326342364469245,0.09927747019141983,0.5881808797164144
static,neg_to_pos,240720765,15,-0.3,900,3.0566666666666666,1.590985019833101,2.657096860175866,1.4630432272953502,1.125911448970917,0.5535012797738884,0.33640312506239245,0.14969615448379617,0.06486671724803479,0.10411285463586777,0.7200763914492236
static,neg_to_pos,240720765,20,-0.3,900,2.8233333333333333,1.4820818690837112,2.80057959134712,1.4753591670142394,1.1631153508700112,0.5422193673418102,0.36875283581494755,0.14350477750171,0.04926377856506058,0.10478366145456755,0.7889962854958309
static,neg_to_pos,240720765,25,-0.3,900,2.6244444444444444,1.362620931319175,2.866503178415464,1.4948450073855604,1.1668857255912515,0.555748825605965,0.3883914309520733,0.14228913717910932,0.0385305766252438,0.105132495091026,0.8365694618614734
static,neg_to_pos,240720765,30,-0.3,900,2.428888888888889,1.2366841368437569,2.877680994529611,1.4665170931694886,1.174066569339696,0.549832809886395,0.4116714385575973,0.14351838401657557,0.034942966498305056,0.10530167770903118,0.8521957549712669
static,neg_to_pos,240720765,35,-0.3,900,2.371111111111111,1.16239641779333,2.9314310302316295,1.4364794017023508,1.187774455897226,0.5444811628735342,0.4294280663816239,0.1443733588740438,0.030813463253861383,0.10638220522333983,0.8701781522181774
static,neg_to_pos,240720765,40,-0.3,900,2.332222222222222,1.1053735193516945,2.9412700289018328,1.4597088683609805,1.1758362151655524,0.5447301415744006,0.4483820895768226,0.143593687585374,0.023689725384246168,0.10821916183894584,0.9012954059046128
static,neg_to_pos,240720765,45,-0.3,900,2.2666666666666666,1.023067283548187,2.9916612621193366,1.4825046214287894,1.167839694001204,0.5474932759072029,0.4668980472481678,0.14342067642429743,0.021178292201556516,0.10677762319445647,0.9117779205970744
static,neg_to_pos,240720765,50,-0.3,900,2.1866666666666665,0.9408270593236333,3.057053619255414,1.464872823583541,1.167949532164631,0.5457371327134901,0.4834761749526059,0.14930287993940627,0.02170608893512706,0.10618921736144446,0.9093720739553837
static,neg_to_pos,240720765,55,-0.3,900,2.221111111111111,0.9195402769795645,3.0856384582853864,1.4691803074908487,1.184337156499158,0.5524775757818757,0.4996768982711304,0.14574311856398908,0.019741156047451566,0.10950546038728251,0.9180933093780319
static,neg_to_pos,240720765,60,-0.3,900,2.14,0.8487638069569178,3.1009521505530757,1.4635356067869627,1.2075444208854766,0.5469807139403402,0.5125109105576472,0.14863944548615293,0.019903108026623057,0.10890392262131927,0.9176928088266775
static,neg_to_pos,240720765,65,-0.3,900,2.118888888888889,0.8098551920552004,3.153440734941474,1.4794663028784283,1.194724952952705,0.5305421080141512,0.5378398501624473,0.152839262185456,0.017867576779748002,0.11202518709688151,0.9263890630796119
static,neg_to_pos,240720765,70,0.3,900,2.1855555555555557,0.8151429473971777,3.2345529323987683,1.4552371366693015,1.2059437989910042,0.5228681470689472,0.5555758398295231,0.15986099390543454,0.017573332185179417,0.11623778187018088,0.9278222476991991
static,neg_to_pos,240720765,75,0.3,900,2.15,0.7836878630339165,3.1532328846826405,1.4816615303970588,1.222200882996942,0.5180361196876513,0.5505256806820897,0.16108032185385399,0.017526243612445026,0.12038189161625246,0.9287569860805577
static,neg_to_pos,240720765,80,0.3,900,2.1266666666666665,0.7670723564306043,3.118785715362663,1.49262401936225,1.2387873693687104,0.5149940861444453,0.5509485129148111,0.15719078275870846,0.018065158718623388,0.12090915836313461,0.9266819668192924
static,neg_to_pos,240720765,85,0.3,900,2.033333333333333,0.7623064417352848,3.036838059885518,1.4929093536089195,1.2539493642437476,0.5162695768111872,0.5591957025443712,0.16415547429330243,0.01758104248462572,0.11652074825282657,0.9279833142507377
static,neg_to_pos,240720765,90,0.3,900,1.9877777777777779,0.7385161967347136,2.9929887148798366,1.4815935707230847,1.2272690803626698,0.5216937764493743,0.560965434467823,0.16413379497470862,0.017145443106838416,0.11417625054427273,0.929753247202755
static,neg_to_pos,240720765,95,0.3,900,1.9855555555555555,0.7459611415424787,2.970229096848414,1.520836602455693,1.2275986530799876,0.5223878586627967,0.5728001505755255,0.16832935559223952,0.017208524067109158,0.11623311308771443,0.9297145599068568
static,neg_to_pos,240720765,100,0.3,900,1.95,0.7123903424387503,2.9306203934394484,1.5278979587137043,1.2312689304079643,0.5226556245734552,0.5678163517508588,0.16593583508346058,0.017397745148856128,0.11278533231653742,0.9283833122217716
static,neg_to_pos,240720765,105,0.3,900,1.95,0.6821127309893709,2.8850506364836592,1.541627652997521,1.2221415958144695,0.519427511401647,0.5708965173973246,0.16777947676999866,0.01845644727630331,0.110433799627525,0.9239443845722085
static,neg_to_pos,240720765,110,0.3,900,1.9444444444444444,0.7143156960197969,2.8619392897585354,1.575766238558707,1.2213434983891225,0.5261491855942237,0.5784131252641442,0.1714389531554181,0.018512372116870093,0.11238384426177314,0.9234064505076923
static,neg_to_pos,240720765,115,0.3,900,1.8955555555555557,0.7543814406682413,2.7643788421031825,1.5586541909147582,1.2064794576637519,0.5237357164455525,0.5837256481693635,0.16786421288016115,0.016805759714139203,0.11298002723464293,0.9308042741306334
static,neg_to_pos,240720765,120,0.3,900,1.8488888888888888,0.7359414898911528,2.7867590557754753,1.5315347514748108,1.1744863622550823,0.5140037829950407,0.5908810304379922,0.16390795606821504,0.01644114151290914,0.11564936559964858,0.9324345445212564
static,neg_to_pos,240720765,125,0.3,900,1.83,0.7295280057071909,2.682028728025336,1.5425489731116817,1.1573465390550595,0.5045190640154646,0.6002130059205358,0.1710070521254245,0.01700151923820152,0.1150543005801841,0.9299784477010711
static,neg_to_pos,240720765,130,0.3,900,1.8044444444444445,0.7052046371422367,2.6150512289536523,1.537130699564947,1.1438987968654177,0.4924618222140178,0.6007872068512443,0.1773184726789887,0.01669563699807904,0.1160237414635332,0.9314901452794377
static,neg_to_pos,240720765,135,0.3,900,1.788888888888889,0.6846644668001731,2.486008481599018,1.5053578392352511,1.1370589155704227,0.48648542150897894,0.604950094935751,0.1856151977559037,0.0163662540121937,0.1188989208341856,0.9333365448060033
static,neg_to_pos,240720765,140,0.3,900,1.7466666666666666,0.694614201473659,2.370648778392536,1.4576142038358553,1.1305648168560654,0.4812950493564359,0.6077936165007802,0.19110211677921105,0.015759902634041013,0.11869248715935252,0.9359285016612604
static,neg_to_pos,1908258895,0,-0.3,900,3.48,1.7070572469734122,2.4010843542695723,1.4530775299354088,0.9964842644782246,0.5818248143161411,0.25814887197426384,0.14370565551623146,0.20741527833080478,0.08133817126070343,-0.005081791090434113
static,neg_to_pos,1908258895,5,-0.3,900,3.34,1.6559522269008178,2.2798853536629315,1.439532022320473,1.0000218237049527,0.5816864436929817,0.28575675095586534,0.14662253504304396,0.14511677068120882,0.08397548769082704,0.3134798790492891
static,neg_to_pos,1908258895,10,-0.3,900,3.1133333333333333,1.5911002482559042,2.1875979556197143,1.3934472421346622,1.0700908550705883,0.5495875410572136,0.3257153283346892,0.14797734793217834,0.09768556896040055,0.09406524901052549,0.5603142345404584
static,neg_to_pos,1908258895,15,-0.3,900,2.9277777777777776,1.5247242211683016,2.1891634502342137,1.3420215204788868,1.1061708625017186,0.5545053549641414,0.3651653835239356,0.14689332600575664,0.068873203213041,0.09804229751819243,0.6963598417296079
static,neg_to_pos,1908258895,20,-0.3,900,2.7533333333333334,1.4091920458980112,2.106610737893883,1.2867193550291212,1.130376699419898,0.5500100087086697,0.39468348869229475,0.1535890434935227,0.045030993404998845,0.1032048815789968,0.8064008918849369
static,neg_to_pos,1908258895,25,-0.3,900,2.6422222222222222,1.3378239194700372,2.1166834036947946,1.2789739708644705,1.1232022837358495,0.555098012155326,0.41397814818408607,0.1535095147778939,0.0348600062089692,0.10666802517442919,0.8523434211627191
static,neg_to_pos,1908258895,30,-0.3,900,2.5211111111111113,1.2704325111677908,2.1056362841397167,1.2735163391552908,1.1226079926023218,0.558406135618688,0.4313321557968216,0.14366825541459877,0.0304322103913132,0.11173205182526572,0.8731185320323088
static,neg_to_pos,1908258895,35,-0.3,900,2.397777777777778,1.1830260425214443,2.088647957962506,1.2581321102983507,1.121461395319667,0.5529669345779211,0.4484546568743371,0.14700611191902854,0.026950264331074617,0.1136101018334774,0.8884220088160686
static,neg_to_pos,1908258895,40,-0.3,900,2.3066666666666666,1.1152279288707458,2.0968667149104454,1.272395477112473,1.1334320062599257,0.5523951840209783,0.47558858401142606,0.1533734583166202,0.02343040342678095,0.11288482262348977,0.9036605770885929
static,neg_to_pos,1908258895,45,-0.3,900,2.2488888888888887,1.0425656861208044,2.013255537733082,1.2715042858826522,1.1393076809476037,0.5519949610173643,0.4943631616078254,0.1552651098034269,0.021354752749787296,0.11294021326198912,0.9123503285339127
static,neg_to_pos,1908258895,50,-0.3,900,2.201111111111111,0.9947634497646435,2.0026767053396983,1.2551978527929608,1.1158139277039048,0.5471531777870687,0.5065610574333275,0.1578031818389222,0.020633307707452062,0.11423416217403981,0.9160154492351693
static,neg_to_pos,1908258895,55,-0.3,900,2.152222222222222,0.949938919413919,2.0423263183985205,1.2821971351646921,1.11262427453446,0.5429498041234165,0.5274358831177204,0.15786026412210538,0.019116853340908478,0.11301236656416977,0.9214124187089642
static,neg_to_pos,1908258895,60,-0.3,900,2.091111111111111,0.8984733279222341,1.981509081302492,1.2638878527836803,1.1095468408870106,0.5486944657124575,0.5340437947790908,0.16136807340381976,0.01878964112463149,0.11563167716530919,0.9231240800151056
static,neg_to_pos,1908258895,65,-0.3,900,2.028888888888889,0.8506526180193711,1.9414069290414742,1.2343745007500893,1.1037196512244396,0.5504137266707968,0.5534387555606191,0.16505044127796414,0.01808028803676057,0.1178058547825428,0.9262370166158257
static,neg_to_pos,1908258895,70,0.3,900,2.002222222222222,0.8299903316408475,1.9162947356392923,1.2261953684725806,1.0809233947501515,0.5478584537416491,0.5711112229945124,0.17275145564602956,0.017901465584265575,0.11474304746559713,0.9262782406723062
static,neg_to_pos,1908258895,75,0.3,900,1.9666666666666666,0.837323779138698,1.8075002571498817,1.1737868678959194,1.0737700805055914,0.5493827155460707,0.5712414222476886,0.17746080989956653,0.01749040127224142,0.11395767667192473,0.9278340216293385
static,neg_to_pos,1908258895,80,0.3,900,1.931111111111111,0.8244384546053749,1.7022642933634673,1.1558619416087255,1.1141737751243324,0.5592544712833906,0.5788628849331005,0.18322691732055146,0.01701611009818335,0.11115351363244046,0.9297157002793821
static,neg_to_pos,1908258895,85,0.3,900,1.8944444444444444,0.8075836538865131,1.6183452522340234,1.1157169135806158,1.1410182231621446,0.5527348781217768,0.5856607056039648,0.18485277665417638,0.01657144882303054,0.11241438950490173,0.931513975580703
static,neg_to_pos,1908258895,90,0.3,900,1.8511111111111112,0.7513313286640579,1.5672787758009945,1.0743199372106191,1.143763235134285,0.5474692290590591,0.5953340053184221,0.19004627606266067,0.017037373393254573,0.11269000476843972,0.9295693827594503
static,neg_to_pos,1908258895,95,0.3,900,1.8211111111111111,0.7469931495215325,1.528716223435166,1.0377493876555233,1.1735466837380257,0.5540330518584915,0.5955329965726855,0.18978444538865838,0.016338818278303125,0.1127607803555162,0.9325809952078299
static,neg_to_pos,1908258895,100,0.3,900,1.8033333333333332,0.7425107556272988,1.527290450710192,1.010198657884254,1.1817918149266768,0.5539790030992497,0.598675568525861,0.18913396413831157,0.017315921758368925,0.1141219051762628,0.9285522678280268
static,neg_to_pos,1908258895,105,0.3,900,1.7777777777777777,0.728434817914834,1.48922512259354,0.9891502928144446,1.203584333852645,0.5539762524829487,0.6052962239612407,0.19092061351167236,0.016912635179039445,0.11644868118464553,0.9305539304445092
static,neg_to_pos,1908258895,110,0.3,900,1.7822222222222222,0.7433524329052625,1.496991614603388,1.0154710849086348,1.197286173654176,0.5551983305961289,0.6087767439312654,0.1962511815287773,0.017227796516761467,0.11835881459910785,0.9295568506314434
static,neg_to_pos,1908258895,115,0.3,900,1.76,0.7409903283219469,1.4296539576311145,0.9598515351906303,1.2137888175083764,0.5554619413989408,0.6170984458693883,0.19975169272951254,0.017680854819808287,0.1184619534437862,0.9277333550500799
static,neg_to_pos,1908258895,120,0.3,900,1.76,0.7573051637953562,1.418948119022857,0.9521592452340333,1.2043023427699768,0.5721361576115759,0.6247548286597673,0.19481455505311182,0.01707076361004074,0.11654828693087556,0.9299115131982955
static,neg_to_pos,1908258895,125,0.3,900,1.7366666666666666,0.7368024007681964,1.4452636678254147,0.9728296051128243,1.1885702655736627,0.5697304977231645,0.6268321713793664,0.19970914017233593,0.01698659814451853,0.11411510580190593,0.9299496037075454
static,neg_to_pos,1908258895,130,0.3,900,1.7022222222222223,0.7119578292408083,1.424292755120705,0.9517358308334575,1.212726874772569,0.5734589691949508,0.6275676629409269,0.20261317644929558,0.01691821760247101,0.11501072191283195,0.9303168658397889
static,neg_to_pos,1908258895,135,0.3,900,1.6977777777777778,0.6974521533215303,1.3974674429393912,0.909487549694754,1.23303293972395,0.5643434563935817,0.6358780518729206,0.20419866942582193,0.01755048944761638,0.11322183171841196,0.9274688065446303
static,neg_to_pos,1908258895,140,0.3,900,1.65,0.6885976086704533,1.374329806939685,0.902199783901802,1.224129665080079,0.5760095535823568,0.6373981057133515,0.20942215124333866,0.018225879454150173,0.11492919684418791,0.9249053549358215
static,pos_to_neg,841383462,0,0.3,900,3.5055555555555555,1.6862094974041044,2.499376254127275,1.4469070850905348,0.9858150012631222,0.5761990207512112,0.24785124097651862,0.14389700146872708,0.2080397659350946,0.08234282688979166,-0.0030431888084292793
static,pos_to_neg,841383462,5,0.3,900,3.2844444444444445,1.6293087226122147,2.3578845161374433,1.4445175145787257,1.059078063964686,0.5717411374414675,0.251282822090837,0.14429312874999328,0.14192997806092206,0.08547954876294535,0.33225198633704695
static,pos_to_neg,841383462,10,0.3,900,3.0211111111111113,1.5981235138224137,2.3371708459876777,1.4607666716255183,1.1353927279831728,0.5620554551400626,0.25387193949801884,0.1487295754441544,0.0973642227863719,0.09314501530288434,0.5597836067974936
static,pos_to_neg,841383462,15,0.3,900,2.781111111111111,1.5245687510057424,2.2158436673004753,1.4743000552991128,1.2039367986626324,0.5522599597806565,0.26485872883470896,0.15202255806412857,0.06408670951164475,0.09567050252552126,0.7159823411709283
static,pos_to_neg,841383462,20,0.3,900,2.6077777777777778,1.4630810547743096,2.139589176389338,1.4592239910220421,1.297455437000423,0.5169962949178213,0.2738529642994469,0.15841457742255266,0.04520966031321435,0.10073485870053203,0.8046633175253057
static,pos_to_neg,841383462,25,0.3,900,2.471111111111111,1.3929380974077334,2.0824376626475276,1.43988225808772,1.2995212908558638,0.497672287049436,0.28800082582684333,0.16632781919274617,0.03741766985719014,0.10391475932439861,0.8407206159848793
static,pos_to_neg,841383462,30,0.3,900,2.2088888888888887,1.2748546273939056,2.074603518021663,1.4489838807669413,1.3441937466031726,0.4727990836109658,0.3076090911717886,0.17194641620103732,0.029991804686895836,0.10569069924779449,0.8733234429641014
static,pos_to_neg,841383462,35,0.3,900,2.1155555555555554,1.205534562029191,1.9944053602057714,1.4069557184918444,1.3751033172323892,0.43718621898575816,0.32177891344585374,0.1737702927209298,0.02482717719621906,0.10978573941790047,0.8961869719724691
static,pos_to_neg,841383462,40,0.3,900,2.0388888888888888,1.1942635521938887,1.9159668793868871,1.4067624908748464,1.4041233696189022,0.4154675512401368,0.31877296381729797,0.17663971900692324,0.020305330915390895,0.11268263894925093,0.9158084591513628
static,pos_to_neg,841383462,45,0.3,900,1.9477777777777778,1.0916580435056655,1.9348787851649691,1.3852372089841782,1.4239345019339287,0.40012594076673746,0.31899119472260623,0.17992888191516845,0.01930142807513536,0.11332914794345994,0.920269302400583
static,pos_to_neg,841383462,50,0.3,900,1.8577777777777778,0.9998864133021174,1.889124017948866,1.3673417907347183,1.440539904437808,0.3974870720540628,0.3223646051502467,0.17772092080911103,0.016552929656422334,0.11466263938128224,0.9321038706077598
static,pos_to_neg,841383462,55,0.3,900,1.781111111111111,0.9284867550595365,1.7967517716871062,1.3437816442222257,1.441409959079247,0.4009283340848668,0.3344911684731619,0.17765168980281051,0.017059619326229947,0.11747000654243137,0.9301700136744709
static,pos_to_neg,841383462,60,0.3,900,1.7222222222222223,0.8746780712896955,1.7869183269735125,1.3521565099687936,1.4514445221877394,0.4012730559533153,0.3374660665479078,0.1785664942483119,0.016229343321445946,0.11741538215685915,0.9335875114011866
static,pos_to_neg,841383462,65,0.3,900,1.6466666666666667,0.8052880781986587,1.797039574317659,1.3616882079998114,1.455066246759158,0.4120347829450773,0.3474258057018166,0.18238648188674983,0.01609547737847457,0.12075187655509019,0.9351330617930144
static,pos_to_neg,841383462,70,-0.3,900,1.6533333333333333,0.8122944184359648,1.7915129189352128,1.3667145259026718,1.4901497086064217,0.40786187719846373,0.34741912129891367,0.18346241538571942,0.017569174259860786,0.12046074472355355,0.9287574220026343
static,pos_to_neg,841383462,75,-0.3,900,1.6233333333333333,0.7783957862167551,1.812024701290892,1.377816467047842,1.487861783164991,0.3990596104648743,0.3671173345582101,0.17980168784354747,0.01833342340474075,0.11815694486851841,0.9250853329682065
static,pos_to_neg,841383462,80,-0.3,900,1.6088888888888888,0.7290243776513077,1.77808317049371,1.3398359992307873,1.4964402046367922,0.397868282985162,0.4020833446282441,0.17494623356271088,0.018016255602085182,0.11791112364904992,0.9262583587830252
static,pos_to_neg,841383462,85,-0.3,900,1.6111111111111112,0.7054461857488877,1.7563825483336417,1.3168924305983918,1.4933477392446415,0.3981276940333146,0.4228552268244171,0.17179823675165481,0.017986700203253873,0.11868477482823822,0.9265002126181376
static,pos_to_neg,841383462,90,-0.3,900,1.63,0.6990390229132817,1.6912155121530803,1.2853513851300857,1.4861757063827996,0.39824098886723197,0.44429589471650416,0.17651125396480633,0.018884666739379746,0.11446424816314754,0.9220595398955165
static,pos_to_neg,841383462,95,-0.3,900,1.6288888888888888,0.697653916820024,1.6865301978927756,1.2592915728450316,1.4858415775355893,0.3971065852178118,0.4587575249567273,0.17181087459863972,0.019735168145054428,0.11648385494612629,0.9188629227421702
static,pos_to_neg,841383462,100,-0.3,900,1.57,0.6364746656387825,1.6890210035791928,1.2262577437989561,1.475782343927141,0.3997280649888077,0.4770263653935751,0.17176558157033048,0.017660541424205766,0.12185722292037286,0.9285545890281737
static,pos_to_neg,841383462,105,-0.3,900,1.5733333333333333,0.646494822528035,1.6864484169158551,1.2340148357795462,1.4961697688441806,0.3822176539158616,0.49619674950170717,0.17511988240627074,0.01707907285362796,0.12223099146110801,0.9309816061430555
static,pos_to_neg,841383462,110,-0.3,900,1.551111111111111,0.6434705284530553,1.6614304213124131,1.2063878675501276,1.481046458900244,0.3928716384658036,0.5094520880371557,0.17887637321605612,0.01817616986575992,0.12194680697728137,0.9266522285070373
static,pos_to_neg,841383462,115,-0.3,900,1.551111111111111,0.6605123338817199,1.6635907306014466,1.2004454897100245,1.4582451406699355,0.411114146491369,0.5241955548952438,0.18316125866307562,0.018610385804191408,0.12238102281454569,0.9249601987312116
static,pos_to_neg,841383462,120,-0.3,900,1.5455555555555556,0.6456110131084457,1.6683287495332995,1.2206605858344863,1.4502762603201158,0.42209798429505163,0.5429349121852619,0.18072039156254188,0.018512392765830242,0.121671664828891,0.925037508681017
static,pos_to_neg,841383462,125,-0.3,900,1.5577777777777777,0.6616440429008432,1.63379460949261,1.165543355675916,1.432952361961709,0.43216092883543394,0.5656879744988216,0.17670688892807593,0.018232642935422136,0.121571455544082,0.9262241616535556
static,pos_to_neg,841383462,130,-0.3,900,1.5522222222222222,0.6519590610490437,1.6437843608588287,1.1998387277820135,1.4273384553103046,0.42134634210345945,0.5818737951661852,0.17252218644245298,0.01839014550487816,0.12011904849388633,0.9251796952323295
static,pos_to_neg,841383462,135,-0.3,900,1.558888888888889,0.659864370650758,1.6666080342187943,1.19686684111097,1.4156908242084474,0.42276184814755513,0.5917527597964299,0.17151007232630974,0.01697114438403597,0.11963822565793122,0.9308638613756505
static,pos_to_neg,841383462,140,-0.3,900,1.55,0.655532014643238,1.6289997470922934,1.1740683086287667,1.4066587036296943,0.412612482094534,0.6063655010824273,0.16827874629923584,0.01695661052380898,0.11930087687026526,0.9309626520167593
static,pos_to_neg,460776831,0,0.3,900,3.4755555555555557,1.6893332748691856,2.489608129249846,1.4406632540454918,1.000292317000783,0.5782531434525588,0.24409540690067913,0.1377454050976005,0.20397537254560114,0.08078188241175809,0.009174407202887761
static,pos_to_neg,460776831,5,0.3,900,3.28,1.6810843061680292,2.484135083056807,1.4397103708851984,1.0616118234506045,0.5570021040675068,0.2585823114557208,0.13985066039994762,0.1350767637927777,0.08371652169065551,0.35993891687858753
static,pos_to_neg,460776831,10,0.3,900,2.951111111111111,1.6458192451342648,2.4735755343540737,1.4317886009580312,1.1260146553789132,0.5224782265342907,0.2790067164558715,0.1456646403581842,0.08738972105194397,0.0893234224711406,0.6006332028097703
static,pos_to_neg,460776831,15,0.3,900,2.631111111111111,1.5346113836295598,2.407501648442038,1.40906424463739,1.1656620223351686,0.4966608369970719,0.29901851200305624,0.14727178100293148,0.06121920851752282,0.0890673520818942,0.7245157743067467
static,pos_to_neg,460776831,20,0.3,900,2.3577777777777778,1.3827490957250324,2.366244342008433,1.3638217952812839,1.1909836792072606,0.47030835965361917,0.308401412068692,0.1541617360491764,0.044620053999865315,0.09317397196629211,0.804340785030021
static,pos_to_neg,460776831,25,0.3,900,2.102222222222222,1.2367500221483525,2.3611806710426024,1.3199105888232057,1.2241559479008133,0.4551402355689827,0.32227319498404833,0.16170798265584632,0.032583450320365324,0.09637984492277013,0.860125051555639
static,pos_to_neg,460776831,30,0.3,900,1.9366666666666668,1.1001969520650987,2.3291507324314624,1.3025344441679227,1.2387540308970477,0.4401583438940703,0.33199143289222394,0.16508712178826154,0.02610973382207323,0.0950757804356663,0.8897996778764633
static,pos_to_neg,460776831,35,0.3,900,1.87,1.0686388018825113,2.3229608651793345,1.2795275444311414,1.2301482001674973,0.43731417441293685,0.3323967453431446,0.17086360737918102,0.023929446127694723,0.09517626943716784,0.900041754435706
static,pos_to_neg,460776831,40,0.3,900,1.761111111111111,0.9931089729222898,2.2999522987692385,1.2671148694290053,1.2462621706648793,0.42564463014347753,0.3348385569576676,0.16937105100897082,0.021172506722105192,0.0964378237312222,0.9121819796198525
static,pos_to_neg,460776831,45,0.3,900,1.71,0.9412226091632095,2.228693891039492,1.2471563727740724,1.2531036441814958,0.41650511440855287,0.3546700313630172,0.17667461003656604,0.020319761912712144,0.09862028435716229,0.915671426945494
static,pos_to_neg,460776831,50,0.3,900,1.6677777777777778,0.9126673700725044,2.222720178336575,1.2719859968352718,1.261455662050482,0.4163682067550769,0.35620035330223465,0.17578861425908335,0.020494205294957067,0.09871693726546629,0.9151091936701419
static,pos_to_neg,460776831,55,0.3,900,1.6266666666666667,0.8488947062046165,2.2032519086537676,1.2512833720803,1.2642693838736134,0.40455709307609816,0.36398175699389224,0.18629869180681036,0.019429920490578234,0.10076741311644587,0.9194266610761076
static,pos_to_neg,460776831,60,0.3,900,1.5911111111111111,0.8296779086481485,2.2374453060117188,1.2579900824928596,1.2828520590708634,0.3958490610110477,0.3730033593543119,0.18470884507068314,0.019177014741323654,0.10390370641605473,0.9203875053437329
static,pos_to_neg,460776831,65,0.3,900,1.5533333333333332,0.7877111709814004,2.189071350639193,1.2430755778160756,1.2822638839644156,0.38418192490081077,0.38316193471343196,0.19073557891615242,0.01815466779731365,0.10438648718175923,0.9248957938295309
static,pos_to_neg,460776831,70,-0.3,900,1.538888888888889,0.7743376301279041,2.1101228083932213,1.2208489779853622,1.2949449469336431,0.38056428678226756,0.3861119412114142,0.196319002910134,0.018226293641158024,0.10631320776905887,0.9245034518929397
static,pos_to_neg,460776831,75,-0.3,900,1.5577777777777777,0.7760266000277422,2.1283668745427593,1.2237572752838561,1.2900054450977965,0.3772185025874229,0.4098721371411231,0.19707756023127718,0.018080471442159705,0.11044252853735759,0.9252683388500091
static,pos_to_neg,460776831,80,-0.3,900,1.5755555555555556,0.7701819570163794,2.1424304499335585,1.2170480534048256,1.2943919958285832,0.3634282017572489,0.43781354533714395,0.1998169492343378,0.019031555923168537,0.11343897608888107,0.9223138962352535
static,pos_to_neg,460776831,85,-0.3,900,1.5577777777777777,0.761574068445345,2.2172079248867833,1.230837448427852,1.2757601450894147,0.3787439479779574,0.47195071791995297,0.2050459301301068,0.018983374025733444,0.11154966053168526,0.9228653436505169
static,pos_to_neg,460776831,90,-0.3,900,1.5455555555555556,0.7387167719334674,2.251120241062705,1.2402988870533924,1.276481668729102,0.39327210624154363,0.4848349283829581,0.21131998347404438,0.018542833397981316,0.10891005519342908,0.9241699701119948
static,pos_to_neg,460776831,95,-0.3,900,1.5266666666666666,0.7105240632409605,2.2898435448831362,1.2667275142803052,1.266294664055667,0.3978594369094124,0.5020080280533665,0.21466848301983574,0.01878126554382137,0.10669685550049651,0.9236528037328585
static,pos_to_neg,460776831,100,-0.3,900,1.511111111111111,0.6935327348589883,2.2816034603989657,1.2739605726089056,1.2580804704539403,0.4022811050376392,0.5121018459653663,0.21925935963340076,0.019229095054043396,0.10692060898998249,0.9217358610496779
static,pos_to_neg,460776831,105,-0.3,900,1.5244444444444445,0.6963892766918214,2.3231145557352164,1.2706937938331802,1.2509234332588075,0.40451617593614575,0.5346755140121724,0.21880119316799138,0.018542827031175456,0.10688211604285311,0.9240939325395361
static,pos_to_neg,460776831,110,-0.3,900,1.5222222222222221,0.6884407144293186,2.3394123907416366,1.2791102780974402,1.2338575554982325,0.4079945593284091,0.5532571629695567,0.21913937553118626,0.01908748665590032,0.10708740032036773,0.9220469336836878
static,pos_to_neg,460776831,115,-0.3,900,1.5233333333333334,0.6620758600375372,2.3536841626061844,1.306327820555502,1.2333511910952708,0.4162112899472182,0.5704505484590575,0.22308133779591846,0.018327977692765163,0.10786259940613199,0.9252076787800203
static,pos_to_neg,460776831,120,-0.3,900,1.54,0.6579091460410353,2.305482249065184,1.29326364002577,1.2244803848415033,0.4054397780083601,0.5944408210178151,0.22067095403796988,0.018967949012697233,0.10839288116760247,0.9224559399521978
static,pos_to_neg,460776831,125,-0.3,900,1.5677777777777777,0.6488156351345593,2.336725737199098,1.2968485557447929,1.2352068315614722,0.39678511319009363,0.6090377079094207,0.2175364369848368,0.017612984120977195,0.10818990288086794,0.9276645606325828
static,pos_to_neg,460776831,130,-0.3,900,1.5877777777777777,0.6782866941833468,2.3258855171051738,1.3097519111996931,1.219136111069649,0.3935443132456773,0.6294021358102623,0.21795417209357615,0.017659698123972844,0.10896922841341279,0.9271621593466761
static,pos_to_neg,460776831,135,-0.3,900,1.5822222222222222,0.6707504549677966,2.299984529101832,1.32138240464602,1.223096419046215,0.38865582246191915,0.6506412415891372,0.21347849440564717,0.017730173648796196,0.11079586366326256,0.9267536832492299
static,pos_to_neg,460776831,140,-0.3,900,1.5933333333333333,0.6791825151525095,2.267131647731378,1.3057165064017568,1.2192209206132956,0.3907825186009065,0.668355487400733,0.2141465624392578,0.019052933681845394,0.10816660985240645,0.9209001106960482
static,pos_to_neg,80170200,0,0.3,900,3.652222222222222,1.6773476269779009,2.4832023597532933,1.4624373374763961,0.998888155530148,0.5844933925457992,0.24880587613677307,0.14155351837926533,0.2156567145762668,0.0857311576017852,-0.02379030561023303
static,pos_to_neg,80170200,5,0.3,900,3.49,1.6549286658007012,2.4862577851594536,1.4566050901455594,1.1055159686461817,0.5753492859944731,0.2502739819203905,0.14281683331327197,0.14020729671755294,0.0881356435761244,0.3475035272522366
static,pos_to_neg,80170200,10,0.3,900,3.203333333333333,1.6430966699091891,2.492649552329334,1.451110253531792,1.1893041893656375,0.5481885895002422,0.25525083288863654,0.14656533342642972,0.08914172753804955,0.09650988032299457,0.6025915908559991
static,pos_to_neg,80170200,15,0.3,900,2.9988888888888887,1.5517011771632696,2.4451287272771385,1.4309587948346427,1.23835883105519,0.5293948769480462,0.2596975751702212,0.1520619519649132,0.0639149700304281,0.10071415861211172,0.721057021159012
static,pos_to_neg,80170200,20,0.3,900,2.811111111111111,1.4816990580969644,2.3805958130322837,1.4105901123655271,1.3097523408445564,0.5178949427006453,0.2731214115159623,0.16020598257969043,0.04273563530679835,0.10607233214161438,0.817986617056744
static,pos_to_neg,80170200,25,0.3,900,2.6333333333333333,1.4011899704655801,2.330588791267139,1.3845743686611178,1.3458450197356493,0.4978537549230836,0.28367601323521185,0.16243678429537584,0.030211131679442216,0.11087214176146498,0.8734885386122603
static,pos_to_neg,80170200,30,0.3,900,2.4877777777777776,1.3453068859126345,2.306043100937739,1.3837391107222636,1.3654665451186656,0.48476645642539107,0.2885482810165739,0.16367433700564557,0.026720069001778136,0.10946071770265169,0.8880530922164811
static,pos_to_neg,80170200,35,0.3,900,2.3355555555555556,1.2835117721064355,2.2891288311787856,1.3694629807198526,1.3803777146895613,0.4656913207200598,0.29094355712224174,0.16920769094118498,0.020709460105955858,0.1113796381175343,0.9139112244160577
static,pos_to_neg,80170200,40,0.3,900,2.23,1.2190114391952558,2.263628564431583,1.3837932883192927,1.351531122355247,0.4703506869485434,0.3006511688958222,0.17196019813238403,0.019824571104633967,0.10898615650425421,0.9175993860572331
static,pos_to_neg,80170200,45,0.3,900,2.081111111111111,1.1279671433792786,2.2087213614665475,1.3487626630900598,1.3739449980592213,0.45457521660411243,0.3092787088307342,0.17799798499826353,0.018833574887067803,0.1103438220612428,0.921767306192333
static,pos_to_neg,80170200,50,0.3,900,1.9766666666666666,1.0373631101124725,2.0899547132887495,1.362995562357781,1.3685249648342501,0.4377068138971927,0.31587075072844245,0.17362860802364907,0.018578120194738056,0.10844445576824115,0.9227729698683458
static,pos_to_neg,80170200,55,0.3,900,1.9033333333333333,0.9490287432715385,2.0348915444585107,1.3591502040809484,1.3844846382390268,0.4248261012986462,0.3079263754941873,0.17835408556024362,0.0193054023932505,0.11246976917109093,0.9200890076648607
static,pos_to_neg,80170200,60,0.3,900,1.8333333333333333,0.9243616415908031,2.000549629738448,1.3488501293319612,1.4036329956430582,0.4260833055152283,0.3299985627132157,0.18286528094848503,0.018292388439323147,0.11459301486903527,0.924967374500061
static,pos_to_neg,80170200,65,0.3,900,1.7844444444444445,0.8994950572541749,2.022153785391218,1.3576600646199293,1.4084834263991792,0.4243595073082008,0.34143907151426256,0.18137364961516902,0.018301788558123342,0.113927608033641,0.924569345155161
static,pos_to_neg,80170200,70,-0.3,900,1.75,0.89116029235299,2.0227230748262053,1.3550387346189963,1.4234125005429976,0.41764770517838246,0.3511977305061852,0.18346047364304188,0.0186857712195242,0.11518284790611322,0.9231457329927953
static,pos_to_neg,80170200,75,-0.3,900,1.741111111111111,0.8580850054296544,2.072025376934759,1.3622380301065833,1.4261639208040642,0.42207529697009405,0.37213193634856906,0.18093949050509472,0.01830944454816131,0.11920263908115444,0.9254137999810836
static,pos_to_neg,80170200,80,-0.3,900,1.721111111111111,0.8660246910060352,2.0793484158356454,1.357115672898839,1.4261547549969171,0.42967656956018496,0.39351282393221465,0.17963747204383523,0.01738867397473703,0.1198522843249295,0.9293564409544578
static,pos_to_neg,80170200,85,-0.3,900,1.7022222222222223,0.81253755848614,2.0485220775141806,1.3456295897237314,1.4175323858436266,0.4384141390764601,0.41127656427395487,0.187395225965768,0.017878223142823096,0.12244209022951816,0.928099073552617
static,pos_to_neg,80170200,90,-0.3,900,1.6466666666666667,0.7671302945972666,2.056898442941281,1.3554536603547476,1.428438094191841,0.4425214741676257,0.43398724759618745,0.1885288921388695,0.018133570921786534,0.11833495522895326,0.9263356225808631
static,pos_to_neg,80170200,95,-0.3,900,1.6411111111111112,0.7579789566771838,2.082990708383328,1.3695999666015255,1.438637755239444,0.43176719637226746,0.4490640047943917,0.18553509480231187,0.018528920198619497,0.11939993633414887,0.9248062126518626
static,pos_to_neg,80170200,100,-0.3,900,1.6266666666666667,0.6900563584068896,2.116931094221566,1.3690575727054282,1.449648719081031,0.43509432467757103,0.46952408981720695,0.1808507973898111,0.019273649751892816,0.1225593656353002,0.9223320245531348
static,pos_to_neg,80170200,105,-0.3,900,1.6233333333333333,0.6922668079095902,2.1456464384121228,1.3326968305287075,1.4431374863835842,0.46627141117864856,0.48701151341319737,0.19019934767521052,0.01901206712155324,0.12261578312319618,0.9233227307110345
static,pos_to_neg,80170200,110,-0.3,900,1.6022222222222222,0.6663295443910581,2.133599490482167,1.3061380898951271,1.448347886957609,0.4632383811287892,0.5007379137923675,0.19294243732684654,0.01661568324056917,0.12249476539347177,0.933276260400445
static,pos_to_neg,80170200,115,-0.3,900,1.6177777777777778,0.6637566116478034,2.1689729745293254,1.3036550178616482,1.44733038889066,0.47322142230764425,0.5219121384523331,0.1931590497453158,0.01597102109588346,0.12359604569958338,0.9362638273997645
static,pos_to_neg,80170200,120,-0.3,900,1.6077777777777778,0.672099162289775,2.2049500060284988,1.3255113850997104,1.4413956456399823,0.475523287197779,0.5346086376126484,0.19814489452359005,0.016870300347438354,0.12255333489767657,0.9325095442426009
static,pos_to_neg,80170200,125,-0.3,900,1.5877777777777777,0.6515499090251009,2.2108396001248574,1.3251635261376777,1.4048345010195469,0.49084530429898937,0.5537169696435449,0.20349063748291996,0.017043143787259313,0.1222789735109121,0.9317262240026367
static,pos_to_neg,80170200,130,-0.3,900,1.6066666666666667,0.6470102180199492,2.238658659552562,1.3308240855926798,1.4014726084057818,0.49397109726987487,0.5638177776582557,0.20746569461304468,0.016156121096791373,0.12141066659936087,0.9345497983732793
static,pos_to_neg,80170200,135,-0.3,900,1.6166666666666667,0.6487166818676188,2.3228915449980763,1.3276900472604827,1.3830749360440107,0.5064364456899946,0.5779251688225789,0.20977845318560817,0.016870294338412403,0.12088716981513246,0.9315453573065793
static,pos_to_neg,80170200,140,-0.3,900,1.63,0.6375212414761827,2.2958176483936197,1.3357671553378792,1.3701272216588798,0.5296069428048134,0.5879889569702679,0.21377960677729343,0.018958562853880503,0.1199343381813442,0.9229360380222438
